Date,Open,High,Low,Close,Adj Close,Volume
2020-01-01,102.19999694824219,102.30000305175781,101.16666412353516,101.46666717529297,75.29456329345703,367414
2020-01-02,101.66666412353516,102.5,100.76666259765625,102.03333282470703,75.71508026123047,409026
2020-01-03,103.43333435058594,105.46666717529297,102.80000305175781,103.96666717529297,77.14971923828125,2713237
2020-01-06,104.5,105.33333587646484,101.73332977294922,102.56666564941406,76.11083221435547,2118114
2020-01-07,102.80000305175781,103.66666412353516,102.4000015258789,102.96666717529297,76.40765380859375,654178
2020-01-08,102.33333587646484,103.86666870117188,101.73332977294922,103.26666259765625,76.63027954101562,1067443
2020-01-09,103.73332977294922,105.19999694824219,102.5,104.26666259765625,77.37235260009766,1230216
2020-01-10,104.5999984741211,106.53333282470703,103.83333587646484,105.26666259765625,78.11439514160156,861724
2020-01-13,105.26666259765625,105.93333435058594,104.73332977294922,105.43333435058594,78.23809051513672,480207
2020-01-14,105.5999984741211,106.13333129882812,104.5999984741211,105.19999694824219,78.06494140625,630360
2020-01-15,105.23332977294922,105.93333435058594,104.73332977294922,105.53333282470703,78.3122787475586,694330
2020-01-16,105.56666564941406,105.9000015258789,103.0999984741211,103.46666717529297,76.77870178222656,888364
2020-01-17,103.33333587646484,106.23332977294922,103.06666564941406,104.53333282470703,77.57022857666016,1242802
2020-01-20,103.5,103.5,99.06666564941406,99.69999694824219,73.98358917236328,4844592
2020-01-21,99.63333129882812,99.69999694824219,96.73332977294922,97.26666259765625,72.17790985107422,2234986
2020-01-22,97.26666259765625,97.5999984741211,91.4000015258789,91.76666259765625,68.0965805053711,8485803
2020-01-23,92.16666412353516,95.93333435058594,91.33333587646484,92.30000305175781,68.4923324584961,10636375
2020-01-24,93.33333587646484,95.5999984741211,93.0,94.76666259765625,70.32275390625,3524709
2020-01-27,94.80000305175781,95.73332977294922,93.66666412353516,94.19999694824219,69.9022445678711,2401617
2020-01-28,94.56666564941406,94.56666564941406,91.83333587646484,92.03333282470703,68.29444122314453,3025623
2020-01-29,92.46666717529297,93.66666412353516,90.69999694824219,93.19999694824219,69.16019439697266,2807539
2020-01-30,93.33333587646484,93.5,91.33333587646484,92.06666564941406,68.31917572021484,4323277
2020-01-31,92.63333129882812,92.63333129882812,85.26666259765625,86.36666870117188,64.08943176269531,14396158
2020-02-03,82.66666412353516,83.26666259765625,78.86666870117188,82.03333282470703,60.87382888793945,4866015
2020-02-04,83.0999984741211,86.66666412353516,82.53333282470703,86.0,63.81733322143555,2459281
2020-02-05,86.53333282470703,87.26666259765625,85.5,86.16666412353516,63.94102096557617,2390838
2020-02-06,86.66666412353516,90.5,86.66666412353516,90.06666564941406,66.83506774902344,4811455
2020-02-07,90.0,92.66666412353516,88.30000305175781,92.33333587646484,68.5170669555664,3783417
2020-02-10,91.33333587646484,92.13333129882812,88.06666564941406,89.30000305175781,66.26615142822266,6510861
2020-02-11,89.33333587646484,90.4000015258789,86.16666412353516,89.5,66.41455841064453,8984734
2020-02-12,89.93333435058594,91.5,89.4000015258789,90.69999694824219,67.30503845214844,3523612
2020-02-13,90.69999694824219,90.96666717529297,88.93333435058594,89.4000015258789,66.34036254882812,3111465
2020-02-14,89.5999984741211,89.96666717529297,86.66666412353516,86.83333587646484,64.43573760986328,5062887
2020-02-17,87.36666870117188,87.86666870117188,84.69999694824219,86.5999984741211,64.26258087158203,5633316
2020-02-18,86.66666412353516,88.9000015258789,84.56666564941406,87.83333587646484,65.17777252197266,7492183
2020-02-19,89.23332977294922,92.66666412353516,86.69999694824219,92.30000305175781,68.4923324584961,11249880
2020-02-20,85.43333435058594,85.43333435058594,83.06666564941406,83.43333435058594,66.21719360351562,12190629
2020-02-24,82.03333282470703,82.96666717529297,80.0,80.30000305175781,63.73040771484375,4803834
2020-02-25,80.30000305175781,81.16666412353516,78.30000305175781,78.46666717529297,62.27538299560547,3090613
2020-02-26,77.69999694824219,78.46666717529297,75.4000015258789,75.63333129882812,60.026695251464844,3437727
2020-02-27,75.33333587646484,75.46666717529297,72.33333587646484,74.9000015258789,59.444679260253906,5045310
2020-02-28,72.69999694824219,73.06666564941406,70.33333587646484,72.0,57.14308547973633,5187931
2020-03-02,73.93333435058594,74.13333129882812,67.33333587646484,67.80000305175781,53.80973815917969,3643524
2020-03-03,68.4000015258789,72.03333282470703,67.80000305175781,71.26666259765625,56.561073303222656,5506005
2020-03-04,70.66666412353516,74.30000305175781,69.53333282470703,73.63333129882812,58.439388275146484,8269743
2020-03-05,74.4000015258789,76.69999694824219,69.63333129882812,70.43333435058594,55.899696350097656,5066016
2020-03-06,68.23332977294922,69.80000305175781,67.33333587646484,68.0,53.96846389770508,2679660
2020-03-09,65.96666717529297,66.30000305175781,59.46666717529297,60.83333206176758,48.28061294555664,9550950
2020-03-11,60.83333206176758,61.83333206176758,56.099998474121094,56.599998474121094,44.92081069946289,10718374
2020-03-12,52.0,53.29999923706055,49.03333282470703,49.79999923706055,39.523963928222656,10246455
2020-03-13,46.666664123535156,56.96666717529297,42.33333206176758,54.133331298828125,42.963130950927734,9485109
2020-03-16,53.166664123535156,53.166664123535156,46.400001525878906,46.900001525878906,37.222373962402344,7073344
2020-03-17,46.666664123535156,49.266666412353516,45.53333282470703,47.70000076293945,37.8572883605957,7872277
2020-03-18,47.86666488647461,66.76666259765625,45.233333587646484,55.5,44.04780197143555,14402740
2020-03-19,49.96666717529297,54.666664123535156,45.33333206176758,51.0,40.476348876953125,12610915
2020-03-20,51.900001525878906,56.93333435058594,50.03333282470703,54.36666488647461,43.14832305908203,19268154
2020-03-23,48.93333435058594,51.166664123535156,47.56666564941406,48.900001525878906,38.8096809387207,3113256
2020-03-24,49.36666488647461,51.96666717529297,48.43333435058594,49.5,39.28587341308594,3760791
2020-03-25,49.33333206176758,51.599998474121094,48.86666488647461,50.96666717529297,40.44989776611328,2928972
2020-03-26,51.03333282470703,54.266666412353516,49.133331298828125,51.03333282470703,40.502803802490234,5295073
2020-03-27,51.599998474121094,53.0,50.0,51.733333587646484,41.05836486816406,3828903
2020-03-30,50.633331298828125,53.43333435058594,49.166664123535156,52.96666717529297,42.037208557128906,3373428
2020-03-31,53.20000076293945,57.29999923706055,52.633331298828125,55.099998474121094,43.73032760620117,4123444
2020-04-01,54.233333587646484,55.099998474121094,51.733333587646484,52.83333206176758,41.93138885498047,3230572
2020-04-03,54.83333206176758,57.06666564941406,53.5,56.166664123535156,44.57689666748047,4057510
2020-04-07,58.666664123535156,60.599998474121094,56.666664123535156,59.599998474121094,47.30177688598633,4346263
2020-04-08,59.46666717529297,62.93333435058594,56.900001525878906,59.46666717529297,47.195953369140625,4163257
2020-04-09,61.33333206176758,61.599998474121094,60.0,60.733333587646484,48.20125198364258,6855304
2020-04-13,61.33333206176758,61.33333206176758,57.733333587646484,59.53333282470703,47.24886703491211,7400065
2020-04-15,59.33333206176758,60.633331298828125,57.599998474121094,59.133331298828125,46.93140411376953,5211378
2020-04-16,58.53333282470703,60.56666564941406,58.33333206176758,60.099998474121094,47.6986083984375,4516935
2020-04-17,61.06666564941406,62.86666488647461,60.400001525878906,61.83333206176758,49.07426834106445,2082966
2020-04-20,62.29999923706055,62.29999923706055,59.733333587646484,60.36666488647461,47.910247802734375,2262985
2020-04-21,57.400001525878906,58.56666564941406,56.06666564941406,57.33333206176758,45.50282287597656,3130635
2020-04-22,54.733333587646484,57.93333435058594,49.5,57.33333206176758,45.50282287597656,10348996
2020-04-23,58.03333282470703,61.666664123535156,57.233333587646484,57.36666488647461,45.52927780151367,7321674
2020-04-24,57.33333206176758,59.06666564941406,55.666664123535156,55.900001525878906,44.365264892578125,3520252
2020-04-27,56.733333587646484,57.96666717529297,56.233333587646484,57.46666717529297,45.60865020751953,2022964
2020-04-28,57.20000076293945,59.33333206176758,56.099998474121094,58.900001525878906,46.74622344970703,4028175
2020-04-29,58.766666412353516,61.46666717529297,58.400001525878906,61.166664123535156,48.545166015625,2518737
2020-04-30,62.900001525878906,67.0,61.33333206176758,65.86666870117188,52.27534103393555,5809942
2020-05-04,63.83333206176758,64.0,61.53333282470703,62.666664123535156,49.73564529418945,1472773
2020-05-05,64.5999984741211,66.30000305175781,61.70000076293945,62.06666564941406,49.259456634521484,2677081
2020-05-06,63.86666488647461,64.0,61.36666488647461,61.70000076293945,48.96844482421875,1543845
2020-05-07,61.33333206176758,61.666664123535156,60.06666564941406,60.599998474121094,48.09542465209961,756055
2020-05-08,61.133331298828125,61.46666717529297,58.733333587646484,59.03333282470703,46.85203552246094,972951
2020-05-11,59.93333435058594,60.0,58.20000076293945,58.53333282470703,46.45520782470703,797745
2020-05-12,59.06666564941406,59.06666564941406,56.666664123535156,56.70000076293945,45.00017547607422,1479478
2020-05-13,58.666664123535156,58.93333435058594,56.70000076293945,56.96666717529297,45.211822509765625,2145741
2020-05-14,56.93333435058594,57.266666412353516,55.666664123535156,56.0,44.444618225097656,1266264
2020-05-15,56.46666717529297,58.0,56.46666717529297,57.266666412353516,45.449913024902344,3657523
2020-05-18,57.766666412353516,57.766666412353516,46.0,52.5,41.66683578491211,2766856
2020-05-19,54.266666412353516,56.53333282470703,54.233333587646484,55.46666717529297,44.02133560180664,3156775
2020-05-20,55.33333206176758,56.93333435058594,55.0,55.733333587646484,44.23297882080078,1354104
2020-05-21,56.33333206176758,57.20000076293945,55.666664123535156,56.133331298828125,44.55044174194336,1156005
2020-05-22,56.099998474121094,57.43333435058594,55.53333282470703,56.266666412353516,44.6562614440918,2191303
2020-05-26,57.20000076293945,57.266666412353516,55.099998474121094,55.400001525878906,43.96843338012695,1796176
2020-05-27,55.93333435058594,55.93333435058594,54.20000076293945,55.166664123535156,43.783241271972656,1833492
2020-05-28,55.133331298828125,56.56666564941406,54.70000076293945,55.733333587646484,44.23297882080078,1143700
2020-05-29,56.166664123535156,57.5,55.266666412353516,56.5,44.8414421081543,3047746
2020-06-01,57.33333206176758,59.33333206176758,57.0,58.133331298828125,46.13774871826172,2085979
2020-06-02,58.53333282470703,58.93333435058594,57.86666488647461,58.166664123535156,46.1641960144043,1631403
2020-06-03,59.86666488647461,60.83333206176758,59.36666488647461,59.79999923706055,47.46050262451172,2895151
2020-06-04,59.666664123535156,59.93333435058594,59.099998474121094,59.633331298828125,47.32822799682617,1127779
2020-06-05,60.0,61.133331298828125,60.0,60.83333206176758,48.28061294555664,1417249
2020-06-08,64.53333282470703,64.96666717529297,62.79999923706055,63.29999923706055,50.23829650878906,3126655
2020-06-09,63.633331298828125,64.16666412353516,62.20000076293945,63.53333282470703,50.42347717285156,1333228
2020-06-10,63.33333206176758,64.5999984741211,62.03333282470703,62.666664123535156,49.73564529418945,2734429
2020-06-11,62.400001525878906,65.83333587646484,62.03333282470703,62.633331298828125,49.70918655395508,4641907
2020-06-12,59.86666488647461,61.266666412353516,59.79999923706055,60.766666412353516,48.22770309448242,2290102
2020-06-15,60.33333206176758,65.19999694824219,60.29999923706055,64.83333587646484,51.45523452758789,7085074
2020-06-16,65.63333129882812,68.5999984741211,65.46666717529297,67.5,53.57164001464844,8982723
2020-06-17,67.66666412353516,68.0,64.13333129882812,64.5999984741211,51.270050048828125,3686077
2020-06-18,65.13333129882812,67.13333129882812,64.73332977294922,66.66666412353516,52.91026306152344,2273764
2020-06-19,67.30000305175781,71.5999984741211,66.36666870117188,70.16666412353516,55.68804168701172,13298169
2020-06-22,70.0,71.0999984741211,68.16666412353516,68.43333435058594,54.3123893737793,2771943
2020-06-23,68.43333435058594,69.56666564941406,67.46666717529297,67.80000305175781,53.80973815917969,2872348
2020-06-24,68.06666564941406,69.0,65.73332977294922,67.03333282470703,53.201271057128906,2335197
2020-06-25,66.46666717529297,67.0,55.46666717529297,60.599998474121094,48.09542465209961,9898576
2020-06-26,63.96666717529297,63.96666717529297,62.133331298828125,62.96666717529297,49.97374725341797,4603170
2020-06-29,64.26666259765625,65.19999694824219,62.33333206176758,63.766666412353516,50.608665466308594,4059613
2020-06-30,64.66666412353516,64.66666412353516,62.06666564941406,62.43333435058594,49.55046081542969,2527464
2020-07-01,62.46666717529297,63.33333206176758,61.79999923706055,63.20000076293945,50.158935546875,1635991
2020-07-02,63.633331298828125,64.66666412353516,63.266666412353516,63.46666717529297,50.370574951171875,1769584
2020-07-03,63.599998474121094,65.0999984741211,63.29999923706055,64.86666870117188,51.481689453125,2130376
2020-07-06,65.93333435058594,66.33333587646484,65.16666412353516,66.13333129882812,52.48698043823242,1207945
2020-07-07,66.43333435058594,66.66666412353516,65.43333435058594,66.0,52.381160736083984,990162
2020-07-08,66.30000305175781,67.66666412353516,65.56666564941406,67.0,53.17481231689453,1887183
2020-07-09,67.13333129882812,68.0,66.73332977294922,67.69999694824219,53.730369567871094,1348087
2020-07-10,67.33333587646484,67.33333587646484,65.66666412353516,66.53333282470703,52.804439544677734,729264
2020-07-13,66.53333282470703,67.06666564941406,64.73332977294922,65.06666564941406,51.640411376953125,1244608
2020-07-14,65.36666870117188,65.5,63.33333206176758,63.43333435058594,50.3441162109375,1033272
2020-07-15,64.80000305175781,65.26666259765625,63.46666717529297,63.79999923706055,50.6351203918457,1423923
2020-07-16,64.66666412353516,64.66666412353516,62.06666564941406,62.166664123535156,49.33881759643555,1671616
2020-07-17,63.20000076293945,64.83333587646484,62.133331298828125,63.29999923706055,50.23829650878906,2241948
2020-07-20,63.900001525878906,64.83333587646484,63.400001525878906,63.900001525878906,50.7144889831543,1457874
2020-07-21,64.5999984741211,65.30000305175781,63.666664123535156,63.79999923706055,50.6351203918457,2335335
2020-07-22,64.30000305175781,64.76666259765625,63.20000076293945,63.5,50.39702224731445,1091463
2020-07-23,63.36666488647461,65.06666564941406,63.36666488647461,64.4000015258789,51.11131286621094,1602187
2020-07-24,64.0,66.93333435058594,64.0,66.43333435058594,52.72508239746094,2282796
2020-07-27,66.43333435058594,66.5999984741211,65.0,65.46666717529297,51.9578742980957,1386198
2020-07-28,65.5,66.26666259765625,64.5,64.66666412353516,51.32294845581055,731716
2020-07-29,64.73332977294922,65.33333587646484,64.53333282470703,64.76666259765625,51.402313232421875,773373
2020-07-30,65.06666564941406,66.33333587646484,64.33333587646484,64.53333282470703,51.217132568359375,690385
2020-07-31,64.66666412353516,65.16666412353516,63.400001525878906,64.43333435058594,51.13777160644531,728718
2020-08-03,64.43333435058594,64.43333435058594,63.0,63.166664123535156,50.13247299194336,965041
2020-08-04,64.46666717529297,64.46666717529297,62.599998474121094,62.79999923706055,49.841468811035156,1034124
2020-08-05,62.86666488647461,63.400001525878906,62.56666564941406,62.70000076293945,49.76210403442383,676893
2020-08-06,63.20000076293945,64.13333129882812,62.79999923706055,63.400001525878906,50.317657470703125,1582428
2020-08-07,63.46666717529297,63.96666717529297,63.099998474121094,63.233333587646484,50.18537902832031,624097
2020-08-10,63.43333435058594,64.66666412353516,63.43333435058594,63.599998474121094,50.47639465332031,757657
2020-08-11,63.666664123535156,64.23332977294922,63.46666717529297,63.666664123535156,50.529296875,654639
2020-08-12,63.666664123535156,63.93333435058594,63.03333282470703,63.20000076293945,50.158935546875,804723
2020-08-13,63.5,64.13333129882812,63.06666564941406,63.33333206176758,50.264747619628906,971181
2020-08-14,63.36666488647461,63.733333587646484,62.53333282470703,62.733333587646484,49.78855895996094,876451
2020-08-17,63.33333206176758,63.93333435058594,62.83333206176758,63.83333206176758,50.66157913208008,756106
2020-08-18,64.46666717529297,65.66666412353516,64.0,64.16666412353516,50.926124572753906,3358488
2020-08-19,64.16666412353516,64.80000305175781,64.03333282470703,64.43333435058594,51.13777160644531,1429767
2020-08-20,64.53333282470703,66.76666259765625,64.33333587646484,66.53333282470703,52.804439544677734,5007703
2020-08-21,67.46666717529297,68.5999984741211,66.13333129882812,66.5,52.777992248535156,4619739
2020-08-24,66.0,66.0,64.66666412353516,64.86666870117188,51.481689453125,3281757
2020-08-25,65.30000305175781,65.83333587646484,64.73332977294922,64.93333435058594,51.53459548950195,2760826
2020-08-26,65.5999984741211,65.5999984741211,64.93333435058594,65.06666564941406,51.640411376953125,969772
2020-08-27,65.4000015258789,65.46666717529297,64.96666717529297,65.23332977294922,51.7726936340332,656616
2020-08-28,65.36666870117188,65.73332977294922,64.46666717529297,64.56666564941406,51.243587493896484,1444417
2020-08-31,64.66666412353516,66.33333587646484,62.666664123535156,63.166664123535156,50.13247299194336,2843991
2020-09-01,63.53333282470703,64.0,61.83333206176758,62.70000076293945,49.76210403442383,1568649
2020-09-02,63.099998474121094,64.80000305175781,62.666664123535156,64.5,51.1906852722168,959640
2020-09-03,64.5,65.0,64.0,64.73332977294922,51.37586975097656,530107
2020-09-04,64.19999694824219,64.33333587646484,62.83333206176758,63.03333282470703,50.026649475097656,749232
2020-09-07,63.33333206176758,63.733333587646484,62.400001525878906,63.400001525878906,50.317657470703125,641469
2020-09-08,63.400001525878906,63.666664123535156,62.56666564941406,63.099998474121094,50.079559326171875,419563
2020-09-09,62.5,62.53333282470703,61.06666564941406,62.266666412353516,49.41818618774414,577512
2020-09-10,62.46666717529297,62.93333435058594,62.06666564941406,62.633331298828125,49.70918655395508,446773
2020-09-11,62.633331298828125,63.86666488647461,62.53333282470703,62.96666717529297,49.97374725341797,680793
2020-09-14,63.46666717529297,64.0,62.766666412353516,63.56666564941406,50.44993209838867,671191
2020-09-15,64.0,64.13333129882812,63.46666717529297,63.900001525878906,50.7144889831543,816768
2020-09-16,63.900001525878906,64.13333129882812,62.5,62.599998474121094,49.6827392578125,624043
2020-09-17,63.266666412353516,63.633331298828125,62.733333587646484,63.33333206176758,50.264747619628906,862920
2020-09-18,63.900001525878906,65.30000305175781,63.70000076293945,64.43333435058594,51.13777160644531,3627045
2020-09-21,63.96666717529297,64.06666564941406,60.70000076293945,61.33333206176758,49.49684524536133,683979
2020-09-22,61.0,61.86666488647461,58.06666564941406,58.766666412353516,47.425506591796875,844197
2020-09-23,59.29999923706055,60.666664123535156,58.36666488647461,58.70000076293945,47.37171173095703,595887
2020-09-24,58.33333206176758,58.33333206176758,55.666664123535156,56.43333435058594,45.54248046875,966001
2020-09-25,56.733333587646484,58.666664123535156,56.666664123535156,58.29999923706055,47.04890060424805,718762
2020-09-28,58.599998474121094,60.400001525878906,58.0,59.233333587646484,47.80211639404297,700057
2020-09-29,59.93333435058594,60.53333282470703,58.53333282470703,59.0,47.61381149291992,802239
2020-09-30,59.0,60.133331298828125,58.33333206176758,59.53333282470703,48.044219970703125,420187
2020-10-01,58.43333435058594,59.400001525878906,58.0,59.133331298828125,47.721412658691406,677094
2020-10-05,59.0,59.33333206176758,57.400001525878906,57.666664123535156,46.53779220581055,2030761
2020-10-06,57.96666717529297,58.266666412353516,57.400001525878906,57.5,46.40328598022461,557476
2020-10-07,57.633331298828125,63.33333206176758,57.166664123535156,61.29999923706055,49.469940185546875,8668660
2020-10-08,60.96666717529297,60.96666717529297,58.93333435058594,59.166664123535156,47.74830627441406,1125714
2020-10-09,59.86666488647461,60.56666564941406,59.20000076293945,59.599998474121094,48.098018646240234,884536
2020-10-12,60.20000076293945,60.599998474121094,58.099998474121094,58.46666717529297,47.18340301513672,504820
2020-10-13,58.666664123535156,58.93333435058594,57.733333587646484,57.93333435058594,46.752994537353516,391452
2020-10-14,57.86666488647461,58.0,56.099998474121094,56.233333587646484,45.38106918334961,1849593
2020-10-15,56.5,57.0,56.0,56.633331298828125,45.70387649536133,998670
2020-10-16,57.03333282470703,58.79999923706055,57.03333282470703,57.666664123535156,46.53779220581055,1799449
2020-10-19,57.96666717529297,59.733333587646484,57.86666488647461,59.43333435058594,47.96351623535156,1391833
2020-10-20,58.733333587646484,59.733333587646484,58.733333587646484,59.0,47.61381149291992,695047
2020-10-21,59.0,59.599998474121094,58.33333206176758,58.56666564941406,47.26410675048828,789477
2020-10-22,58.46666717529297,61.79999923706055,58.43333435058594,61.099998474121094,49.30853271484375,7124596
2020-10-23,61.400001525878906,61.633331298828125,60.0,60.633331298828125,48.93193054199219,786546
2020-10-26,61.266666412353516,61.266666412353516,59.70000076293945,59.79999923706055,48.25941848754883,387472
2020-10-27,59.5,59.93333435058594,58.599998474121094,58.766666412353516,47.425506591796875,739585
2020-10-28,59.86666488647461,59.86666488647461,58.33333206176758,58.43333435058594,47.15650939941406,413964
2020-10-29,58.06666564941406,58.666664123535156,56.79999923706055,57.03333282470703,46.02668380737305,757242
2020-10-30,57.06666564941406,58.20000076293945,57.06666564941406,57.29999923706055,46.241886138916016,695455
2020-11-02,57.33333206176758,57.70000076293945,55.733333587646484,55.93333435058594,45.13896560668945,1523031
2020-11-03,56.29999923706055,56.633331298828125,55.666664123535156,56.03333282470703,45.21966552734375,711859
2020-11-04,56.56666564941406,56.56666564941406,56.06666564941406,56.29999923706055,45.43487548828125,279318
2020-11-05,56.666664123535156,57.29999923706055,56.53333282470703,57.099998474121094,46.08047866821289,738246
2020-11-06,57.36666488647461,57.93333435058594,57.33333206176758,57.56666564941406,46.457088470458984,538083
2020-11-09,58.29999923706055,58.666664123535156,57.33333206176758,57.93333435058594,46.752994537353516,909435
2020-11-10,58.70000076293945,59.56666564941406,58.666664123535156,59.166664123535156,47.74830627441406,1822099
2020-11-11,59.36666488647461,60.79999923706055,59.33333206176758,60.33333206176758,48.689823150634766,1306567
2020-11-12,60.96666717529297,61.666664123535156,60.766666412353516,61.266666412353516,49.44303894042969,995713
2020-11-13,61.29999923706055,62.233333587646484,60.06666564941406,61.266666412353516,49.44303894042969,2146998
2020-11-14,61.733333587646484,61.93333435058594,61.53333282470703,61.766666412353516,49.84654998779297,240583
2020-11-17,62.599998474121094,62.766666412353516,61.79999923706055,62.03333282470703,50.06174850463867,955912
2020-11-18,62.03333282470703,62.43333435058594,61.400001525878906,62.166664123535156,50.169349670410156,835033
2020-11-19,62.0,62.33333206176758,61.0,61.33333206176758,49.49684524536133,1107777
2020-11-20,61.33333206176758,61.633331298828125,60.666664123535156,60.83333206176758,49.09333419799805,534004
2020-11-23,61.20000076293945,63.56666564941406,60.70000076293945,62.36666488647461,50.33075714111328,2033562
2020-11-24,62.5,63.266666412353516,62.33333206176758,62.86666488647461,50.7342643737793,1090237
2020-11-25,64.33333587646484,65.36666870117188,64.0,64.86666870117188,52.34829330444336,4560097
2020-11-26,65.26666259765625,65.30000305175781,64.4000015258789,64.66666412353516,52.18688201904297,1007974
2020-11-27,65.0,65.5,63.46666717529297,64.0999984741211,51.729576110839844,1502931
2020-12-01,64.66666412353516,67.93333435058594,63.166664123535156,66.63333129882812,53.77401351928711,4743750
2020-12-02,66.66666412353516,68.66666412353516,66.36666870117188,68.0,54.876930236816406,3296545
2020-12-03,68.5999984741211,69.96666717529297,68.19999694824219,69.53333282470703,56.11435317993164,2104242
2020-12-04,69.93333435058594,71.56666564941406,69.56666564941406,71.4000015258789,57.62078094482422,4627777
2020-12-07,71.53333282470703,73.26666259765625,71.5,72.4000015258789,58.427791595458984,2385633
2020-12-08,72.86666870117188,73.0,70.13333129882812,71.26666259765625,57.513179779052734,1881534
2020-12-09,71.96666717529297,72.0,69.73332977294922,69.96666717529297,56.46406936645508,1722552
2020-12-10,70.66666412353516,70.66666412353516,69.4000015258789,69.9000015258789,56.41025161743164,1455841
2020-12-11,71.33333587646484,77.13333129882812,70.73332977294922,73.0999984741211,58.992706298828125,12790327
2020-12-14,73.66666412353516,79.0,73.66666412353516,77.9000015258789,62.86637878417969,6323752
2020-12-15,76.73332977294922,77.66666412353516,75.36666870117188,76.5,61.73655700683594,3070809
2020-12-16,76.66666412353516,78.66666412353516,76.13333129882812,77.0999984741211,62.22075653076172,2134504
2020-12-17,78.33333587646484,79.4000015258789,74.69999694824219,76.0999984741211,61.413734436035156,3907672
2020-12-18,76.06666564941406,76.26666259765625,72.03333282470703,72.76666259765625,58.72369384765625,3660795
2020-12-21,72.0,72.0,66.66666412353516,67.83333587646484,54.74243927001953,2703751
2020-12-22,66.76666259765625,69.96666717529297,65.36666870117188,68.26666259765625,55.092132568359375,2578099
2020-12-23,68.53333282470703,70.53333282470703,68.53333282470703,69.96666717529297,56.46406936645508,1434912
2020-12-24,70.86666870117188,74.13333129882812,70.73332977294922,72.5999984741211,58.58918762207031,3457864
2020-12-28,73.33333587646484,74.33333587646484,73.06666564941406,74.0999984741211,59.79970932006836,1581460
2020-12-29,74.63333129882812,74.93333435058594,72.63333129882812,73.43333435058594,59.26171112060547,1386174
2020-12-30,74.03333282470703,74.33333587646484,73.0,73.69999694824219,59.47690200805664,935820
2020-12-31,73.93333435058594,74.66666412353516,70.96666717529297,71.5999984741211,57.78218078613281,4169533
2021-01-01,72.66666412353516,72.93333435058594,71.86666870117188,72.46666717529297,58.481597900390625,1326969
2021-01-04,73.30000305175781,75.13333129882812,73.23332977294922,74.9000015258789,60.44532775878906,3195631
2021-01-05,75.96666717529297,76.63333129882812,74.13333129882812,74.63333129882812,60.230125427246094,3653826
2021-01-06,76.5999984741211,77.26666259765625,74.86666870117188,75.33333587646484,60.7950439453125,4607667
2021-01-07,76.33333587646484,76.66666412353516,75.03333282470703,75.19999694824219,60.68743133544922,1954242
2021-01-08,75.93333435058594,76.0,75.19999694824219,75.69999694824219,61.0909309387207,1978903
2021-01-11,76.26666259765625,76.93333435058594,75.4000015258789,76.53333282470703,61.76345443725586,2119767
2021-01-12,76.33333587646484,77.33333587646484,75.73332977294922,76.73332977294922,61.92485809326172,1893663
2021-01-13,77.66666412353516,79.5999984741211,76.9000015258789,77.96666717529297,62.920169830322266,4414362
2021-01-14,78.33333587646484,78.80000305175781,77.0999984741211,78.0999984741211,63.02777862548828,1226119
2021-01-15,78.23332977294922,78.9000015258789,76.86666870117188,78.33333587646484,63.2160758972168,2437383
2021-01-18,78.43333435058594,78.56666564941406,73.66666412353516,76.53333282470703,61.76345443725586,2691712
2021-01-19,77.26666259765625,78.0,76.66666412353516,77.56666564941406,62.59736633300781,1654708
2021-01-20,77.80000305175781,78.0,76.9000015258789,77.46666717529297,62.51666259765625,785667
2021-01-21,77.13333129882812,77.56666564941406,74.73332977294922,75.83333587646484,61.19854736328125,1222318
2021-01-22,75.83333587646484,77.5999984741211,73.36666870117188,74.33333587646484,59.98801040649414,4071489
2021-01-25,74.66666412353516,75.0,72.36666870117188,73.66666412353516,59.45000457763672,1249996
2021-01-27,72.96666717529297,75.19999694824219,72.9000015258789,74.56666564941406,60.176326751708984,1491417
2021-01-28,74.43333435058594,74.43333435058594,72.83333587646484,73.69999694824219,59.47690200805664,947562
2021-01-29,74.46666717529297,75.13333129882812,73.86666870117188,74.23332977294922,59.907318115234375,834946
2021-02-01,74.5999984741211,75.06666564941406,73.73332977294922,74.73332977294922,60.310829162597656,1201749
2021-02-02,75.13333129882812,76.0,74.73332977294922,75.30000305175781,60.768131256103516,1087968
2021-02-03,76.66666412353516,77.26666259765625,75.33333587646484,76.0,61.33305358886719,2225200
2021-02-04,76.5999984741211,78.96666717529297,76.33333587646484,78.76666259765625,63.56577682495117,3020764
2021-02-05,79.93333435058594,81.36666870117188,77.4000015258789,78.03333282470703,62.973960876464844,3290766
2021-02-08,79.96666717529297,80.0,78.33333587646484,78.69999694824219,63.511985778808594,1808862
2021-02-09,79.96666717529297,80.9000015258789,79.03333282470703,79.96666717529297,64.53419494628906,2747806
2021-02-10,80.26666259765625,80.5999984741211,79.66666412353516,79.93333435058594,64.5073013305664,1381330
2021-02-11,80.26666259765625,80.66666412353516,79.73332977294922,79.96666717529297,64.53419494628906,1889086
2021-02-12,78.26666259765625,78.26666259765625,76.83333587646484,77.0999984741211,62.22075653076172,2387491
2021-02-15,77.93333435058594,78.0,77.0999984741211,77.36666870117188,62.43595886230469,1168342
2021-02-16,78.43333435058594,79.26666259765625,77.80000305175781,78.83333587646484,63.61958312988281,2234070
2021-02-17,78.69999694824219,80.19999694824219,78.69999694824219,79.69999694824219,64.31900024414062,4440124
2021-02-18,80.33333587646484,83.13333129882812,80.0999984741211,81.19999694824219,65.52952575683594,8464639
2021-02-19,83.13333129882812,84.5999984741211,80.4000015258789,82.23332977294922,66.36341857910156,6244272
2021-02-22,83.26666259765625,83.69999694824219,81.56666564941406,82.86666870117188,66.8745346069336,3485976
2021-02-23,83.16666412353516,85.69999694824219,82.5,83.73332977294922,69.53179931640625,9325689
2021-02-24,83.73332977294922,85.33333587646484,81.96666717529297,83.06666564941406,68.97819519042969,1747677
2021-02-25,84.66666412353516,86.36666870117188,84.0,85.19999694824219,70.74971008300781,5851105
2021-02-26,84.0,85.26666259765625,83.06666564941406,84.19999694824219,69.91931915283203,2461638
2021-03-01,84.86666870117188,85.43333435058594,83.73332977294922,84.83333587646484,70.44525909423828,2153971
2021-03-02,85.19999694824219,86.46666717529297,84.46666717529297,85.03333282470703,70.61131286621094,3315459
2021-03-03,85.63333129882812,86.0,84.19999694824219,85.26666259765625,70.8050765991211,2098275
2021-03-04,84.93333435058594,85.86666870117188,84.66666412353516,84.86666870117188,70.47291564941406,1198516
2021-03-05,86.03333282470703,87.83333587646484,84.03333282470703,84.86666870117188,70.47291564941406,5827392
2021-03-08,87.19999694824219,89.13333129882812,86.66666412353516,87.33333587646484,72.5212173461914,6518758
2021-03-09,87.80000305175781,88.5999984741211,86.06666564941406,86.36666870117188,71.71851348876953,3272896
2021-03-10,86.56666564941406,88.5999984741211,86.26666259765625,88.03333282470703,73.10250091552734,2042136
2021-03-12,89.19999694824219,89.19999694824219,87.06666564941406,87.93333435058594,73.01947784423828,1900578
2021-03-15,89.19999694824219,89.19999694824219,86.76666259765625,87.56666564941406,72.71497344970703,1251480
2021-03-16,87.80000305175781,88.33333587646484,87.36666870117188,88.0999984741211,73.1578598022461,1189599
2021-03-17,87.96666717529297,88.80000305175781,85.80000305175781,86.19999694824219,71.58010864257812,1575117
2021-03-18,86.5999984741211,87.19999694824219,81.66666412353516,84.96666717529297,70.55595397949219,1636653
2021-03-19,82.0,82.63333129882812,77.26666259765625,79.76666259765625,66.23789978027344,18308002
2021-03-22,80.33333587646484,80.5999984741211,78.76666259765625,79.23332977294922,65.79501342773438,1663083
2021-03-23,79.19999694824219,79.66666412353516,78.43333435058594,78.73332977294922,65.37982177734375,965442
2021-03-24,76.86666870117188,78.96666717529297,76.80000305175781,77.63333129882812,64.46639251708984,1572855
2021-03-25,78.63333129882812,79.30000305175781,77.36666870117188,78.13333129882812,64.88158416748047,2191425
2021-03-26,77.96666717529297,79.66666412353516,77.4000015258789,78.76666259765625,65.40750122070312,1589343
2021-03-30,79.30000305175781,86.0,79.13333129882812,82.66666412353516,68.64604187011719,4325391
2021-03-31,83.19999694824219,84.46666717529297,81.0,81.86666870117188,67.98172760009766,2141163
2021-04-01,81.86666870117188,83.19999694824219,81.66666412353516,82.66666412353516,68.64604187011719,868762
2021-04-05,81.66666412353516,82.66666412353516,80.43333435058594,81.56666564941406,67.73261260986328,1198396
2021-04-06,81.69999694824219,82.63333129882812,81.5,81.80000305175781,67.92637634277344,883560
2021-04-07,81.76666259765625,83.53333282470703,81.76666259765625,82.63333129882812,68.61837005615234,1167355
2021-04-08,82.96666717529297,83.30000305175781,80.73332977294922,81.46666717529297,67.64957427978516,636328
2021-04-09,81.33333587646484,81.63333129882812,80.0,80.13333129882812,66.5423812866211,652266
2021-04-12,79.19999694824219,79.26666259765625,74.66666412353516,75.0999984741211,62.36272430419922,1140675
2021-04-13,75.13333129882812,79.26666259765625,75.13333129882812,77.0999984741211,64.02351379394531,1670629
2021-04-15,78.0,80.5999984741211,76.93333435058594,79.66666412353516,66.15486145019531,1838302
2021-04-16,79.06666564941406,80.26666259765625,78.83333587646484,79.19999694824219,65.76734161376953,1534597
2021-04-19,78.0,78.56666564941406,76.73332977294922,77.86666870117188,64.66014862060547,1260373
2021-04-20,78.19999694824219,79.0,77.0,77.93333435058594,64.71550750732422,861757
2021-04-22,77.0,77.86666870117188,76.36666870117188,77.5,64.35566711425781,648909
2021-04-23,77.23332977294922,77.96666717529297,76.73332977294922,77.30000305175781,64.18958282470703,576883
2021-04-26,77.66666412353516,78.0999984741211,76.9000015258789,77.36666870117188,64.24494934082031,604140
2021-04-27,77.43333435058594,78.36666870117188,77.0999984741211,77.33333587646484,64.21727752685547,2151756
2021-04-28,77.73332977294922,79.86666870117188,77.46666717529297,79.19999694824219,65.76734161376953,1135932
2021-04-29,79.46666717529297,79.96666717529297,79.0,79.66666412353516,66.15486145019531,750022
2021-04-30,79.5,82.46666717529297,78.69999694824219,81.4000015258789,67.5942153930664,1869066
2021-05-03,81.0,81.96666717529297,79.83333587646484,80.13333129882812,66.5423812866211,1044684
2021-05-04,80.66666412353516,81.5999984741211,80.23332977294922,80.69999694824219,67.01292419433594,724812
2021-05-05,81.66666412353516,83.16666412353516,80.93333435058594,81.4000015258789,67.5942153930664,1002018
2021-05-06,81.53333282470703,82.23332977294922,80.43333435058594,81.16666412353516,67.40045928955078,861153
2021-05-07,81.80000305175781,82.26666259765625,81.19999694824219,81.69999694824219,67.84331512451172,800229
2021-05-10,82.5999984741211,88.46666717529297,82.5,84.46666717529297,70.14075469970703,6587281
2021-05-11,84.33333587646484,87.46666717529297,83.73332977294922,86.30000305175781,71.66315460205078,3206775
2021-05-12,86.30000305175781,87.86666870117188,86.0,86.73332977294922,72.02297973632812,2630656
2021-05-14,86.66666412353516,89.5999984741211,86.33333587646484,86.9000015258789,72.16138458251953,2899401
2021-05-17,87.43333435058594,89.13333129882812,87.4000015258789,87.80000305175781,72.90874481201172,1718616
2021-05-18,88.80000305175781,90.33333587646484,87.76666259765625,89.46666717529297,74.29273223876953,2546860
2021-05-19,90.0,90.93333435058594,88.83333587646484,89.69999694824219,74.48649597167969,1416316
2021-05-20,89.73332977294922,90.0,87.5,88.69999694824219,73.6561050415039,1111810
2021-05-21,88.73332977294922,89.19999694824219,87.5999984741211,87.76666259765625,72.88106536865234,1533387
2021-05-24,87.96666717529297,88.0,86.66666412353516,86.73332977294922,72.02297973632812,963141
2021-05-25,87.4000015258789,90.13333129882812,87.16666412353516,89.4000015258789,74.23738098144531,3469860
2021-05-26,89.96666717529297,90.30000305175781,88.76666259765625,89.4000015258789,74.23738098144531,1010394
2021-05-27,89.66666412353516,91.43333435058594,87.13333129882812,88.83333587646484,73.76681518554688,2347656
2021-05-28,88.63333129882812,90.0,87.76666259765625,88.63333129882812,73.6007308959961,1454151
2021-05-31,88.86666870117188,89.13333129882812,87.66666412353516,88.33333587646484,73.35163879394531,736125
2021-06-01,88.66666412353516,92.80000305175781,88.66666412353516,90.73332977294922,75.34457397460938,3896425
2021-06-02,91.66666412353516,92.9000015258789,91.16666412353516,91.93333435058594,76.34104919433594,2104569
2021-06-03,92.30000305175781,93.86666870117188,91.76666259765625,93.13333129882812,77.33751678466797,2306995
2021-06-04,93.63333129882812,94.93333435058594,92.69999694824219,94.23332977294922,78.2509536743164,2368828
2021-06-07,94.66666412353516,96.26666259765625,94.63333129882812,95.4000015258789,79.21974182128906,1484172
2021-06-08,95.26666259765625,95.26666259765625,93.43333435058594,94.4000015258789,78.38936614990234,820929
2021-06-09,95.06666564941406,96.4000015258789,93.5999984741211,94.13333129882812,78.16792297363281,1787368
2021-06-10,94.30000305175781,95.23332977294922,92.93333435058594,93.73332977294922,77.83575439453125,1171033
2021-06-11,95.16666412353516,97.23332977294922,94.16666412353516,94.83333587646484,78.74919891357422,2501506
2021-06-14,95.43333435058594,95.96666717529297,94.16666412353516,95.53333282470703,79.3304672241211,1209840
2021-06-15,97.0,100.56666564941406,96.33333587646484,99.33333587646484,82.48597717285156,5679706
2021-06-16,101.66666412353516,102.0,97.69999694824219,98.30000305175781,81.6279067993164,4391601
2021-06-17,97.36666870117188,99.0,96.4000015258789,97.4000015258789,80.88053894042969,1335043
2021-06-18,96.9000015258789,99.76666259765625,96.0,99.0,82.20918273925781,3607794
2021-06-21,98.66666412353516,100.66666412353516,97.76666259765625,99.76666259765625,82.84581756591797,2806411
2021-06-22,99.76666259765625,101.56666564941406,97.73332977294922,100.9000015258789,83.78692626953125,5489161
2021-06-23,103.06666564941406,103.33333587646484,100.66666412353516,101.73332977294922,84.47891998291016,3506968
2021-06-24,101.69999694824219,104.96666717529297,101.4000015258789,104.23332977294922,86.55492401123047,3613950
2021-06-25,104.5999984741211,107.0,104.0,104.5,86.77635955810547,4720099
2021-06-28,105.63333129882812,109.33333587646484,104.73332977294922,108.03333282470703,89.71041107177734,3507307
2021-06-29,108.33333587646484,109.26666259765625,100.66666412353516,102.9000015258789,85.44771575927734,7058887
2021-06-30,104.69999694824219,107.5,104.06666564941406,104.80000305175781,87.02548217773438,4183977
2021-07-01,104.93333435058594,109.33333587646484,104.86666870117188,108.46666717529297,90.07025909423828,1705530
2021-07-02,109.03333282470703,113.33333587646484,108.83333587646484,112.80000305175781,93.66864776611328,4956934
2021-07-05,113.33333587646484,116.33333587646484,112.76666259765625,114.83333587646484,95.35711669921875,1981467
2021-07-06,115.86666870117188,118.26666259765625,115.5,116.06666564941406,96.38125610351562,2785267
2021-07-07,115.96666717529297,116.0,114.33333587646484,115.23332977294922,95.68925476074219,1089427
2021-07-08,114.46666717529297,117.33333587646484,112.76666259765625,115.13333129882812,95.60623168945312,2166582
2021-07-09,115.33333587646484,117.53333282470703,115.03333282470703,115.66666412353516,96.04910278320312,1673445
2021-07-12,115.5999984741211,116.26666259765625,112.06666564941406,112.73332977294922,93.61326599121094,830119
2021-07-13,112.93333435058594,114.0,111.56666564941406,112.69999694824219,93.58558654785156,1218564
2021-07-14,113.4000015258789,114.30000305175781,110.19999694824219,110.56666564941406,91.81407928466797,1726276
2021-07-15,110.5999984741211,111.16666412353516,106.83333587646484,107.56666564941406,89.3228988647461,1274724
2021-07-16,107.56666564941406,107.96666717529297,103.33333587646484,104.43333435058594,86.72099304199219,2196049
2021-07-19,103.33333587646484,105.86666870117188,102.36666870117188,103.9000015258789,86.27812194824219,2214790
2021-07-20,102.73332977294922,104.0,102.06666564941406,103.63333129882812,86.05667877197266,1173678
2021-07-22,105.26666259765625,108.4000015258789,104.46666717529297,107.5999984741211,89.35057067871094,3288705
2021-07-23,107.66666412353516,109.06666564941406,107.13333129882812,107.4000015258789,89.18450164794922,1198645
2021-07-26,107.93333435058594,108.43333435058594,107.03333282470703,107.46666717529297,89.23985290527344,452562
2021-07-27,108.4000015258789,108.63333129882812,106.69999694824219,107.36666870117188,89.15682983398438,499707
2021-07-28,106.80000305175781,109.19999694824219,105.69999694824219,108.46666717529297,90.07025909423828,677602
2021-07-29,109.26666259765625,109.5999984741211,107.56666564941406,109.0,90.51313781738281,775230
2021-07-30,108.9000015258789,112.33333587646484,108.03333282470703,111.23332977294922,92.36768341064453,951078
2021-08-02,112.5999984741211,112.63333129882812,109.73332977294922,110.33333587646484,91.6203384399414,529873
2021-08-03,109.73332977294922,111.23332977294922,108.86666870117188,110.66666412353516,91.8971176147461,1137942
2021-08-04,111.26666259765625,111.26666259765625,109.83333587646484,110.4000015258789,91.6756820678711,627004
2021-08-05,110.03333282470703,110.03333282470703,107.76666259765625,108.56666564941406,90.15330505371094,342198
2021-08-06,109.26666259765625,112.06666564941406,108.56666564941406,111.56666564941406,92.64447784423828,1279092
2021-08-09,111.33333587646484,111.86666870117188,104.86666870117188,110.33333587646484,91.6203384399414,676645
2021-08-10,110.36666870117188,110.66666412353516,106.0,107.16666412353516,88.9907455444336,453799
2021-08-11,107.93333435058594,109.96666717529297,106.53333282470703,109.0,90.51313781738281,953431
2021-08-12,109.33333587646484,114.0,108.46666717529297,109.66666412353516,91.06672668457031,4996633
2021-08-13,109.73332977294922,112.0999984741211,109.33333587646484,110.9000015258789,92.09088897705078,836350
2021-08-16,110.66666412353516,111.46666717529297,108.30000305175781,108.69999694824219,90.26400756835938,650596
2021-08-17,108.5999984741211,111.83333587646484,107.26666259765625,111.26666259765625,92.39537048339844,1740600
2021-08-18,112.0,113.4000015258789,107.53333282470703,109.03333282470703,90.54080200195312,1286482
2021-08-20,108.0,112.66666412353516,107.73332977294922,110.9000015258789,92.09088897705078,918223
2021-08-23,111.46666717529297,114.66666412353516,110.96666717529297,112.0999984741211,93.08734893798828,2251516
2021-08-24,113.33333587646484,114.4000015258789,112.73332977294922,114.06666564941406,94.72047424316406,1553652
2021-08-25,114.66666412353516,118.0,114.30000305175781,117.36666870117188,97.46078491210938,2733174
2021-08-26,117.73332977294922,121.46666717529297,117.0,119.76666259765625,99.45372009277344,7055380
2021-08-27,119.03333282470703,121.66666412353516,116.69999694824219,117.69999694824219,97.7375717163086,1539042
2021-08-30,118.0,119.4000015258789,115.66666412353516,116.03333282470703,96.35358428955078,1331863
2021-08-31,115.93333435058594,124.66666412353516,115.46666717529297,121.33333587646484,100.75468444824219,3037926
2021-09-01,121.19999694824219,121.19999694824219,118.73332977294922,119.66666412353516,99.37068176269531,1131028
2021-09-02,118.96666717529297,120.26666259765625,118.9000015258789,119.5,99.2322769165039,426120
2021-09-03,120.53333282470703,122.0,119.33333587646484,119.93333435058594,99.59213256835938,1296975
2021-09-06,117.56666564941406,119.66666412353516,116.73332977294922,117.46666717529297,97.54381561279297,1083849
2021-09-07,118.0,120.66666412353516,117.69999694824219,120.30000305175781,99.8966064453125,1007589
2021-09-08,120.66666412353516,127.33333587646484,120.66666412353516,126.43333435058594,104.98970031738281,4855351
2021-09-09,126.0,132.56666564941406,124.80000305175781,129.93333435058594,107.89608764648438,5485960
2021-09-13,131.1999969482422,131.73333740234375,126.66666412353516,128.89999389648438,107.03800201416016,1720293
2021-09-14,129.60000610351562,133.8000030517578,129.56666564941406,132.26666259765625,109.83366394042969,1975723
2021-09-15,133.3000030517578,139.3000030517578,133.0,137.23333740234375,113.95796966552734,4761853
2021-09-16,139.0,142.1999969482422,139.0,141.0,117.94523620605469,2937583
2021-09-17,141.3333282470703,143.3333282470703,131.6666717529297,133.1999969482422,111.42060852050781,4216492
2021-09-20,133.13333129882812,135.89999389648438,128.86666870117188,130.10000610351562,108.82749938964844,1578387
2021-09-21,132.60000610351562,140.56666564941406,132.1999969482422,139.26666259765625,116.49531555175781,5146116
2021-09-22,140.0,146.53334045410156,139.46665954589844,144.6666717529297,121.01237487792969,4230993
2021-09-23,147.3333282470703,148.46665954589844,141.89999389648438,142.56666564941406,119.25576782226562,2566795
2021-09-24,144.1999969482422,146.3000030517578,143.10000610351562,144.6666717529297,121.01237487792969,2508634
2021-09-27,146.39999389648438,147.3000030517578,144.73333740234375,146.1999969482422,122.29500579833984,1475445
2021-09-28,147.03334045410156,156.60000610351562,145.53334045410156,155.5,130.0743865966797,8120884
2021-09-29,154.93333435058594,176.6666717529297,152.6666717529297,169.63333129882812,141.89675903320312,15627004
2021-09-30,171.3000030517578,177.8000030517578,169.63333129882812,173.46665954589844,145.1033172607422,10643524
2021-10-01,174.0,178.53334045410156,165.3000030517578,166.6999969482422,139.4430694580078,7403329
2021-10-04,166.63333129882812,166.6666717529297,160.03334045410156,161.06666564941406,134.7308349609375,2417551
2021-10-05,162.93333435058594,167.96665954589844,161.36666870117188,161.96665954589844,135.48367309570312,6779473
2021-10-06,164.1999969482422,170.63333129882812,162.73333740234375,165.6999969482422,138.60658264160156,7200660
2021-10-07,167.26666259765625,167.89999389648438,160.93333435058594,161.63333129882812,135.20486450195312,1963777
2021-10-08,164.56666564941406,165.96665954589844,159.39999389648438,159.8333282470703,133.6991729736328,2362923
2021-10-11,161.06666564941406,162.39999389648438,158.6999969482422,159.60000610351562,133.50399780273438,1463887
2021-10-12,159.60000610351562,160.36666870117188,156.3000030517578,156.63333129882812,131.02236938476562,1501021
2021-10-13,156.73333740234375,157.0,152.6666717529297,153.13333129882812,128.09466552734375,1612519
2021-10-14,153.3333282470703,162.0,153.3000030517578,156.8000030517578,131.1617889404297,3108204
2021-10-18,160.6666717529297,161.03334045410156,156.43333435058594,157.03334045410156,131.35699462890625,2281527
2021-10-19,157.3333282470703,159.3000030517578,154.93333435058594,155.6666717529297,130.2137908935547,1052953
2021-10-20,155.26666259765625,155.6999969482422,150.06666564941406,152.23333740234375,127.34185028076172,1112676
2021-10-21,154.6666717529297,156.03334045410156,140.6999969482422,144.6666717529297,121.01237487792969,18572023
2021-10-22,147.3333282470703,148.0,138.46665954589844,139.63333129882812,116.80204010009766,2133114
2021-10-25,140.36666870117188,152.3000030517578,140.36666870117188,150.13333129882812,125.58518981933594,5263405
2021-10-26,150.63333129882812,151.39999389648438,144.13333129882812,147.0,122.96418762207031,3418975
2021-10-27,145.86666870117188,149.76666259765625,144.76666259765625,148.10000610351562,123.88433837890625,2010363
2021-10-28,144.6999969482422,149.1666717529297,143.3333282470703,145.5,121.7094497680664,1744074
2021-10-29,145.3333282470703,151.3333282470703,144.6666717529297,150.03334045410156,125.50154876708984,3636811
2021-11-01,146.0,151.89999389648438,146.0,150.23333740234375,125.6688461303711,1455162
2021-11-02,150.60000610351562,151.93333435058594,146.6666717529297,147.3000030517578,123.21514129638672,2091690
2021-11-03,147.3000030517578,147.6666717529297,144.06666564941406,144.8000030517578,121.12391662597656,1890732
2021-11-04,145.89999389648438,147.63333129882812,145.89999389648438,146.8333282470703,122.82476806640625,126199
2021-11-08,147.3333282470703,149.26666259765625,145.36666870117188,148.1666717529297,123.94010925292969,796320
2021-11-09,148.96665954589844,152.6666717529297,146.23333740234375,147.8333282470703,123.6612548828125,1652910
2021-11-10,148.13333129882812,150.8000030517578,146.6666717529297,147.96665954589844,123.77279663085938,1089075
2021-11-11,146.26666259765625,149.96665954589844,144.06666564941406,144.43333435058594,120.81720733642578,1819812
2021-11-12,148.73333740234375,149.26666259765625,147.3000030517578,147.93333435058594,123.74493408203125,3040726
2021-11-15,147.93333435058594,150.6666717529297,146.8333282470703,147.86666870117188,123.68913269042969,833911
2021-11-16,148.6666717529297,149.3333282470703,146.8000030517578,148.63333129882812,124.3304672241211,667278
2021-11-17,147.06666564941406,149.46665954589844,145.46665954589844,146.6666717529297,122.68537139892578,868194
2021-11-18,146.1999969482422,146.5,141.5,142.0,118.78172302246094,1381053
2021-11-22,142.26666259765625,143.3000030517578,129.39999389648438,130.3000030517578,108.99480438232422,3012022
2021-11-23,130.60000610351562,133.3333282470703,127.93333435058594,131.53334045410156,112.03268432617188,1360119
2021-11-24,133.3333282470703,136.73333740234375,132.73333740234375,135.3000030517578,115.24091339111328,1488378
2021-11-25,136.46665954589844,139.06666564941406,134.8000030517578,135.63333129882812,115.52481079101562,1038628
2021-11-26,135.1666717529297,137.26666259765625,131.3333282470703,132.36666870117188,112.74246978759766,2082150
2021-11-29,128.13333129882812,136.63333129882812,126.66666412353516,135.5,115.41126251220703,2117889
2021-11-30,135.5,142.73333740234375,135.43333435058594,141.10000610351562,120.18102264404297,2837955
2021-12-01,142.0,147.03334045410156,141.36666870117188,142.89999389648438,121.71412658691406,2106036
2021-12-02,142.6666717529297,146.60000610351562,141.1666717529297,145.8333282470703,124.21261596679688,1569256
2021-12-03,145.3333282470703,146.6666717529297,142.8000030517578,143.96665954589844,122.6226806640625,920677
2021-12-06,144.13333129882812,144.89999389648438,142.39999389648438,143.1666717529297,121.94129943847656,809310
2021-12-07,144.89999389648438,144.96665954589844,141.6666717529297,142.1999969482422,121.1179428100586,480489
2021-12-08,144.13333129882812,145.10000610351562,140.43333435058594,141.93333435058594,120.89080047607422,732183
2021-12-09,142.93333435058594,143.93333435058594,139.3333282470703,139.6666717529297,118.96019744873047,1369906
2021-12-10,139.3333282470703,139.60000610351562,136.23333740234375,136.6999969482422,116.43333435058594,831831
2021-12-13,137.93333435058594,139.1999969482422,135.0,135.96665954589844,115.80873107910156,617052
2021-12-14,134.26666259765625,135.26666259765625,132.6666717529297,133.3000030517578,113.53742980957031,967341
2021-12-15,132.93333435058594,135.86666870117188,132.6999969482422,133.5,113.70777130126953,1357629
2021-12-16,134.1999969482422,134.89999389648438,130.0,130.6999969482422,111.32288360595703,1438489
2021-12-17,130.53334045410156,131.23333740234375,124.16666412353516,126.66666412353516,107.88751983642578,1771705
2021-12-20,126.66666412353516,126.66666412353516,113.06666564941406,114.93333435058594,97.89373779296875,2523924
2021-12-21,115.80000305175781,124.93333435058594,114.93333435058594,122.13333129882812,104.02628326416016,2360146
2021-12-22,123.46666717529297,123.46666717529297,120.23332977294922,120.9000015258789,102.9758071899414,974334
2021-12-23,122.5999984741211,122.63333129882812,118.5,120.06666564941406,102.26602172851562,974952
2021-12-24,120.66666412353516,121.36666870117188,117.43333435058594,117.9000015258789,100.42057037353516,690858
2021-12-27,117.33333587646484,117.66666412353516,115.4000015258789,116.83333587646484,99.51205444335938,604063
2021-12-28,119.96666717529297,126.13333129882812,119.0,124.66666412353516,106.18404388427734,2583492
2021-12-29,124.66666412353516,127.5999984741211,122.13333129882812,123.33333587646484,105.04837799072266,1950705
2021-12-30,124.53333282470703,140.86666870117188,124.46666717529297,134.39999389648438,114.4743423461914,10223898
2021-12-31,133.06666564941406,134.86666870117188,129.36666870117188,132.60000610351562,112.94120788574219,2917389
2022-01-03,132.60000610351562,135.06666564941406,130.96665954589844,132.53334045410156,112.88441467285156,1453468
2022-01-04,132.6666717529297,135.0,129.96665954589844,131.3000030517578,111.83393096923828,1754956
2022-01-05,132.60000610351562,132.63333129882812,129.36666870117188,129.96665954589844,110.69827270507812,1272301
2022-01-06,128.93333435058594,132.6666717529297,127.5999984741211,131.89999389648438,112.34497833251953,1985919
2022-01-07,133.13333129882812,143.96665954589844,132.73333740234375,142.6999969482422,121.5438003540039,12276793
2022-01-10,142.6999969482422,147.3333282470703,142.0,143.3333282470703,122.083251953125,3578881
2022-01-11,144.06666564941406,145.06666564941406,141.13333129882812,142.0,120.94757843017578,1777650
2022-01-12,144.6666717529297,148.3333282470703,143.73333740234375,147.06666564941406,125.26309204101562,3962623
2022-01-13,148.0,149.96665954589844,147.3333282470703,147.93333435058594,126.00126647949219,2211009
2022-01-14,147.06666564941406,148.23333740234375,145.3000030517578,145.86666870117188,124.24100494384766,1128556
2022-01-17,148.0,153.23333740234375,148.0,149.76666259765625,127.56281280517578,2851819
2022-01-18,150.89999389648438,153.1666717529297,147.36666870117188,149.36666870117188,127.22209930419922,1692360
2022-01-19,151.0,153.89999389648438,149.36666870117188,149.93333435058594,127.70475769042969,2713231
2022-01-20,149.93333435058594,151.56666564941406,148.43333435058594,149.13333129882812,127.02336120605469,1039512
2022-01-21,148.46665954589844,151.26666259765625,145.60000610351562,147.43333435058594,125.57539367675781,3475147
2022-01-24,148.0,151.0,143.76666259765625,144.86666870117188,123.38926696777344,1819399
2022-01-25,143.93333435058594,150.6666717529297,141.89999389648438,149.86666870117188,127.64796447753906,1145179
2022-01-27,150.3333282470703,157.26666259765625,149.0,153.23333740234375,130.51551818847656,6060852
2022-01-28,154.13333129882812,158.3333282470703,153.26666259765625,153.6999969482422,130.91297912597656,1358328
2022-01-31,155.3333282470703,160.46665954589844,154.3333282470703,159.76666259765625,136.08023071289062,2706246
2022-02-01,160.56666564941406,160.56666564941406,155.0,155.8333282470703,132.7300262451172,1398988
2022-02-02,156.0,158.3333282470703,154.06666564941406,155.6666717529297,132.5880889892578,781615
2022-02-03,155.6666717529297,161.06666564941406,153.3333282470703,154.13333129882812,131.28208923339844,1956258
2022-02-04,156.0,160.63333129882812,149.3333282470703,150.0,127.76155090332031,2167284
2022-02-07,150.0,156.6666717529297,149.96665954589844,154.13333129882812,131.28208923339844,1928730
2022-02-08,153.43333435058594,156.5,147.6999969482422,153.36666870117188,130.62908935546875,1454529
2022-02-09,154.0,156.6666717529297,152.3000030517578,154.76666259765625,131.82151794433594,1201009
2022-02-10,154.76666259765625,155.6999969482422,153.06666564941406,153.46665954589844,130.71424865722656,555013
2022-02-11,152.0,155.60000610351562,151.3333282470703,152.8000030517578,130.14642333984375,2641404
2022-02-14,153.53334045410156,157.13333129882812,150.0,150.5,128.18740844726562,2791315
2022-02-15,154.0,154.0,149.43333435058594,149.8000030517578,127.59117889404297,2271429
2022-02-16,150.0,155.26666259765625,150.0,154.03334045410156,131.1968994140625,3440313
2022-02-17,153.39999389648438,157.3333282470703,153.39999389648438,154.60000610351562,131.67955017089844,2087283
2022-02-18,154.60000610351562,155.76666259765625,152.43333435058594,153.3000030517578,130.5723114013672,421839
2022-02-21,153.86666870117188,154.23333740234375,150.0,150.23333740234375,127.96028137207031,1005553
2022-02-22,147.8333282470703,150.1666717529297,144.10000610351562,147.0,128.48471069335938,1863304
2022-02-23,148.60000610351562,150.3000030517578,145.13333129882812,147.0,128.48471069335938,865182
2022-02-24,147.0,150.93333435058594,143.60000610351562,145.8333282470703,127.46498107910156,5407695
2022-02-25,148.6666717529297,151.73333740234375,145.0,147.96665954589844,129.32962036132812,3441766
2022-02-28,150.3333282470703,150.46665954589844,147.3333282470703,148.63333129882812,129.91232299804688,1574298
2022-03-02,154.93333435058594,164.3333282470703,152.1666717529297,163.0,142.46942138671875,10201273
2022-03-03,168.1666717529297,175.26666259765625,162.3333282470703,163.53334045410156,142.93557739257812,11729347
2022-03-04,167.3333282470703,171.8000030517578,161.13333129882812,163.10000610351562,142.5568389892578,5783146
2022-03-07,167.3333282470703,171.60000610351562,163.53334045410156,166.13333129882812,145.20811462402344,10182055
2022-03-08,168.8000030517578,169.36666870117188,161.43333435058594,163.93333435058594,143.2852020263672,3595293
2022-03-09,167.03334045410156,168.1666717529297,161.6999969482422,162.26666259765625,141.82847595214844,2794843
2022-03-10,160.56666564941406,160.6666717529297,155.96665954589844,156.8333282470703,137.07949829101562,5077252
2022-03-11,157.3000030517578,158.8333282470703,156.1666717529297,157.1999969482422,137.3999481201172,1940230
2022-03-14,156.6666717529297,159.89999389648438,153.53334045410156,154.06666564941406,134.66128540039062,1815441
2022-03-15,150.6666717529297,153.8333282470703,148.8000030517578,152.03334045410156,132.8840789794922,1960566
2022-03-16,152.0,157.93333435058594,151.36666870117188,156.1999969482422,136.5259246826172,3188728
2022-03-17,159.3333282470703,159.60000610351562,144.73333740234375,146.60000610351562,128.13510131835938,7035867
2022-03-21,148.6666717529297,157.1999969482422,148.1999969482422,155.46665954589844,135.8849334716797,5468931
2022-03-22,158.6666717529297,162.3000030517578,152.6666717529297,153.56666564941406,134.22427368164062,4651033
2022-03-23,156.6666717529297,156.6666717529297,152.26666259765625,153.06666564941406,133.78724670410156,1951482
2022-03-24,156.6666717529297,159.23333740234375,155.03334045410156,156.96665954589844,137.19601440429688,4797007
2022-03-25,156.6666717529297,157.8000030517578,154.6666717529297,156.43333435058594,136.72987365722656,1725987
2022-03-28,157.06666564941406,159.3333282470703,155.0,155.73333740234375,136.1180419921875,1488804
2022-03-29,155.6666717529297,156.6666717529297,152.13333129882812,154.56666564941406,135.0983123779297,1596390
2022-03-30,154.39999389648438,154.5,149.36666870117188,151.8000030517578,132.6801300048828,2321788
2022-03-31,152.60000610351562,159.8333282470703,152.1666717529297,158.93333435058594,138.9149627685547,2857077
2022-04-01,159.0,161.03334045410156,156.8333282470703,159.23333740234375,139.1772003173828,5540295
2022-04-04,159.23333740234375,162.93333435058594,157.5,158.10000610351562,138.1865997314453,1616121
2022-04-05,160.06666564941406,160.56666564941406,158.0,158.60000610351562,138.62364196777344,1055466
2022-04-06,158.93333435058594,161.26666259765625,157.60000610351562,158.1666717529297,138.24488830566406,1677609
2022-04-07,158.3333282470703,162.43333435058594,158.03334045410156,158.63333129882812,138.6527557373047,2011119
2022-04-08,160.1999969482422,160.1999969482422,156.1999969482422,156.63333129882812,136.90469360351562,1198552
2022-04-11,156.6666717529297,159.0,156.3000030517578,157.0,137.22515869140625,1325077
2022-04-12,157.3000030517578,158.6666717529297,152.6666717529297,153.56666564941406,134.22427368164062,2085355
2022-04-13,156.60000610351562,159.56666564941406,154.3333282470703,155.3000030517578,135.73927307128906,2405629
2022-04-18,158.6666717529297,160.0,156.26666259765625,157.23333740234375,137.4291229248047,1792702
2022-04-19,158.6666717529297,167.3333282470703,157.6999969482422,160.23333740234375,140.05123901367188,7784535
2022-04-20,162.6666717529297,165.89999389648438,159.86666870117188,161.13333129882812,140.83787536621094,4131634
2022-04-21,163.3333282470703,163.86666870117188,159.03334045410156,160.0,139.84730529785156,2496123
2022-04-22,158.93333435058594,164.93333435058594,158.06666564941406,159.26666259765625,139.20632934570312,3307284
2022-04-25,156.6666717529297,159.26666259765625,153.36666870117188,155.3000030517578,135.73927307128906,2299216
2022-04-26,156.53334045410156,161.0,155.73333740234375,156.6999969482422,136.9629364013672,3062542
2022-04-27,157.3333282470703,160.0,153.39999389648438,154.0,134.60304260253906,2171302
2022-04-28,154.60000610351562,157.93333435058594,152.0,152.96665954589844,133.69984436035156,2257783
2022-04-29,154.93333435058594,156.5,151.39999389648438,152.3000030517578,133.11715698242188,1858759
2022-05-02,152.3000030517578,153.0,146.06666564941406,146.46665954589844,128.0185546875,2121942
2022-05-04,147.3333282470703,150.3333282470703,147.3333282470703,147.86666870117188,129.24220275878906,1822000
2022-05-05,150.60000610351562,154.0,149.53334045410156,151.23333740234375,132.18482971191406,2437642
2022-05-06,150.96665954589844,155.89999389648438,148.43333435058594,153.26666259765625,133.9620361328125,3997549
2022-05-09,152.26666259765625,159.03334045410156,150.06666564941406,157.60000610351562,137.7495880126953,2532270
2022-05-10,155.8000030517578,156.03334045410156,142.56666564941406,143.5,125.425537109375,3121825
2022-05-11,143.13333129882812,149.46665954589844,140.5,147.0,128.48471069335938,2856928
2022-05-12,147.0,150.63333129882812,144.06666564941406,148.73333740234375,129.99972534179688,2127274
2022-05-13,151.0,151.0,145.89999389648438,146.96665954589844,128.45556640625,1507200
2022-05-16,147.0,149.86666870117188,146.73333740234375,148.46665954589844,129.76663208007812,921484
2022-05-17,150.6666717529297,165.3333282470703,148.8333282470703,161.03334045410156,140.75048828125,7331388
2022-05-18,161.8333282470703,163.73333740234375,156.3333282470703,159.13333129882812,139.0897979736328,3344758
2022-05-19,155.13333129882812,161.8000030517578,152.6999969482422,160.8000030517578,140.5465545654297,1938445
2022-05-20,160.6666717529297,161.0,157.8000030517578,159.60000610351562,139.49771118164062,1276869
2022-05-23,160.63333129882812,160.6666717529297,154.0,154.8333282470703,135.33139038085938,1448442
2022-05-24,154.8333282470703,157.96665954589844,151.3333282470703,152.3333282470703,133.14627075195312,578194
2022-05-25,152.3000030517578,154.96665954589844,151.03334045410156,152.53334045410156,133.3210906982422,930607
2022-05-26,153.26666259765625,153.8000030517578,149.5,151.8333282470703,132.70924377441406,626923
2022-05-27,154.1999969482422,154.3333282470703,143.6999969482422,145.3333282470703,127.0279541015625,1644639
2022-05-30,150.6666717529297,153.06666564941406,146.23333740234375,149.89999389648438,131.01942443847656,3012345
2022-05-31,151.6666717529297,160.39999389648438,151.13333129882812,158.96665954589844,138.94412231445312,4710492
2022-06-01,160.26666259765625,167.3333282470703,159.5,163.23333740234375,142.6733856201172,5278413
2022-06-02,162.6666717529297,168.3333282470703,160.06666564941406,166.89999389648438,145.8782196044922,4939719
2022-06-03,168.6666717529297,171.53334045410156,165.13333129882812,167.3000030517578,146.2278594970703,3733668
2022-06-06,170.10000610351562,189.6666717529297,169.06666564941406,185.93333435058594,162.5142059326172,22198860
2022-06-07,186.0,200.8000030517578,182.89999389648438,190.86666870117188,166.82615661621094,45523128
2022-06-08,186.6666717529297,191.26666259765625,184.86666870117188,186.6999969482422,163.18429565429688,13205109
2022-06-09,188.1666717529297,204.0,188.03334045410156,198.1999969482422,173.23585510253906,43253601
2022-06-10,198.1999969482422,204.0,194.73333740234375,200.13333129882812,174.9256591796875,15890632
2022-06-13,198.3333282470703,198.3333282470703,187.6666717529297,189.76666259765625,165.86471557617188,6252267
2022-06-14,189.76666259765625,192.3333282470703,176.0,178.76666259765625,156.25021362304688,6056685
2022-06-15,181.23333740234375,184.5,175.36666870117188,180.6999969482422,157.94003295898438,6680494
2022-06-16,183.3333282470703,184.6666717529297,170.36666870117188,176.60000610351562,154.35646057128906,8476426
2022-06-17,174.39999389648438,176.63333129882812,167.46665954589844,169.76666259765625,148.38381958007812,6320850
2022-06-20,164.0,165.93333435058594,145.6666717529297,151.3333282470703,132.27223205566406,11749905
2022-06-21,154.6666717529297,156.60000610351562,149.43333435058594,153.53334045410156,134.19512939453125,7174588
2022-06-22,149.8000030517578,159.26666259765625,146.8333282470703,149.96665954589844,131.07769775390625,12414661
2022-06-23,148.0,161.8000030517578,147.3333282470703,158.03334045410156,138.1283416748047,7741501
2022-06-24,158.03334045410156,162.1666717529297,155.6666717529297,160.3333282470703,140.13864135742188,6081807
2022-06-27,160.43333435058594,162.3333282470703,153.3333282470703,155.6666717529297,136.05978393554688,4557477
2022-06-28,157.8000030517578,168.60000610351562,157.8000030517578,166.43333435058594,145.47032165527344,11537794
2022-06-29,165.3333282470703,175.63333129882812,162.76666259765625,174.39999389648438,152.43356323242188,15318826
2022-06-30,173.3333282470703,175.3333282470703,164.86666870117188,167.6666717529297,146.54832458496094,6881841
2022-07-01,163.6666717529297,166.3000030517578,140.03334045410156,142.56666564941406,124.60978698730469,24735901
2022-07-04,141.43333435058594,142.63333129882812,130.5,134.43333435058594,117.50086975097656,20031193
2022-07-05,134.0,135.56666564941406,126.26666259765625,127.06666564941406,111.06206512451172,15170679
2022-07-06,124.0,124.30000305175781,114.69999694824219,116.13333129882812,101.50582885742188,21860200
2022-07-07,116.0,119.86666870117188,114.80000305175781,117.69999694824219,102.87516021728516,10626639
2022-07-08,120.30000305175781,125.86666870117188,119.23332977294922,122.80000305175781,107.33280944824219,10501758
2022-07-11,123.33333587646484,125.19999694824219,121.13333129882812,124.4000015258789,108.73127746582031,3439675
2022-07-12,123.33333587646484,126.53333282470703,120.83333587646484,122.30000305175781,106.89578247070312,3803286
2022-07-13,119.0999984741211,124.66666412353516,118.69999694824219,123.63333129882812,108.06117248535156,4979251
2022-07-14,124.5999984741211,127.73332977294922,118.0,118.66666412353516,103.72007751464844,7603587
2022-07-15,120.93333435058594,122.33333587646484,116.66666412353516,121.5,106.196533203125,4581337
2022-07-18,121.53333282470703,123.5999984741211,121.5,123.03333282470703,107.5367431640625,1918380
2022-07-19,124.66666412353516,126.23332977294922,123.36666870117188,124.4000015258789,108.73127746582031,3240780
2022-07-20,131.6666717529297,135.3333282470703,130.6666717529297,131.63333129882812,115.05353546142578,11374125
2022-07-21,131.6999969482422,134.86666870117188,130.73333740234375,133.8333282470703,116.97643280029297,3265905
2022-07-22,134.93333435058594,134.93333435058594,129.6666717529297,130.36666870117188,113.94641876220703,2506570
2022-07-25,130.0,130.0,123.9000015258789,124.33333587646484,108.67301177978516,3663579
2022-07-26,126.33333587646484,126.66666412353516,122.33333587646484,122.96666717529297,107.47847747802734,2712346
2022-07-27,122.76666259765625,125.33333587646484,121.36666870117188,124.5999984741211,108.90607452392578,2073843
2022-07-28,124.93333435058594,125.66666412353516,122.86666870117188,124.4000015258789,108.73127746582031,2220571
2022-07-29,124.66666412353516,127.33333587646484,124.03333282470703,126.66666412353516,110.71244049072266,3472143
2022-08-01,126.5999984741211,129.6666717529297,125.53333282470703,129.23333740234375,112.9558334350586,2805853
2022-08-02,126.56666564941406,128.3000030517578,126.0,126.96666717529297,110.97467041015625,2116801
2022-08-03,126.66666412353516,127.86666870117188,125.73332977294922,126.23332977294922,110.33367919921875,1151683
2022-08-04,125.66666412353516,127.0999984741211,124.0,125.30000305175781,109.51791381835938,1121965
2022-08-05,125.30000305175781,136.6666717529297,124.33333587646484,131.86666870117188,115.25748443603516,8247049
2022-08-08,129.3333282470703,134.0,127.19999694824219,131.96665954589844,115.34487915039062,4746675
2022-08-10,131.73333740234375,132.6666717529297,123.76666259765625,124.5999984741211,108.90607452392578,5578528
2022-08-11,126.4000015258789,127.4000015258789,124.19999694824219,125.30000305175781,109.51791381835938,4645230
2022-08-12,126.46666717529297,129.73333740234375,126.0,126.9000015258789,110.91638946533203,6044196
2022-08-16,127.33333587646484,128.6999969482422,126.66666412353516,127.13333129882812,111.12033081054688,2474089
2022-08-17,126.73332977294922,127.66666412353516,126.06666564941406,126.93333435058594,110.94552612304688,2304267
2022-08-18,126.53333282470703,129.39999389648438,126.4000015258789,127.76666259765625,111.67388916015625,3781854
2022-08-19,129.39999389648438,129.46665954589844,125.33333587646484,126.19999694824219,110.30455780029297,4304578
2022-08-22,125.33333587646484,125.5999984741211,122.69999694824219,123.16666412353516,107.65328216552734,2693395
2022-08-23,122.96666717529297,124.96666717529297,122.80000305175781,123.30000305175781,107.76982879638672,2173494
2022-08-24,124.66666412353516,128.26666259765625,124.33333587646484,127.26666259765625,111.23686981201172,4489089
2022-08-25,128.6666717529297,129.3000030517578,126.86666870117188,127.43333435058594,111.38255310058594,1889799
2022-08-26,127.33333587646484,128.53334045410156,127.03333282470703,127.5,111.4408187866211,1271767
2022-08-29,124.03333282470703,127.0,124.03333282470703,125.63333129882812,109.80926513671875,2027265
2022-08-30,127.73332977294922,129.13333129882812,127.56666564941406,128.53334045410156,112.34400177001953,2160742
2022-09-01,126.66666412353516,128.60000610351562,125.76666259765625,128.3000030517578,112.14006042480469,1535821
2022-09-02,128.03334045410156,129.0,126.80000305175781,127.16666412353516,111.14947509765625,2349685
2022-09-05,127.93333435058594,129.6666717529297,127.4000015258789,128.96665954589844,112.72274780273438,1667833
2022-09-06,130.23333740234375,131.53334045410156,128.8333282470703,129.10000610351562,112.83929443359375,2337808
2022-09-07,128.26666259765625,130.63333129882812,127.5,130.36666870117188,113.94641876220703,1703638
2022-09-08,129.8333282470703,130.5,128.8000030517578,129.3000030517578,113.01409912109375,1573972
2022-09-09,129.3333282470703,130.10000610351562,129.06666564941406,129.23333740234375,112.9558334350586,1045495
2022-09-12,129.46665954589844,131.63333129882812,129.46665954589844,130.8000030517578,114.3251724243164,1953402
2022-09-13,131.03334045410156,131.60000610351562,129.1999969482422,129.86666870117188,113.5093994140625,1745661
2022-09-14,128.6666717529297,130.26666259765625,128.3333282470703,128.60000610351562,112.40228271484375,1779165
2022-09-15,127.30000305175781,127.93333435058594,125.19999694824219,125.5,112.61163330078125,2383890
2022-09-16,125.5,127.26666259765625,123.33333587646484,124.66666412353516,111.86388397216797,2745909
2022-09-19,125.36666870117188,126.46666717529297,123.0,123.46666717529297,110.78711700439453,1455459
2022-09-20,123.66666412353516,125.73332977294922,122.93333435058594,123.43333435058594,110.75721740722656,1166736
2022-09-21,122.53333282470703,124.4000015258789,122.53333282470703,123.53333282470703,110.84693908691406,1506691
2022-09-22,122.26666259765625,123.80000305175781,121.5,121.76666259765625,109.2616958618164,1373047
2022-09-23,121.33333587646484,124.0999984741211,120.73332977294922,123.26666259765625,110.60765838623047,2374834
2022-09-26,121.26666259765625,122.46666717529297,117.69999694824219,119.33333587646484,107.0782699584961,1765930
2022-09-27,118.73332977294922,120.5999984741211,115.5,116.76666259765625,104.77517700195312,2519128
2022-09-28,115.5999984741211,116.96666717529297,111.9000015258789,113.06666564941406,101.45515441894531,2775843
2022-09-29,115.30000305175781,117.66666412353516,113.53333282470703,117.13333129882812,105.10420227050781,3704886
2022-09-30,115.43333435058594,117.43333435058594,112.23332977294922,116.30000305175781,104.3564453125,4999801
2022-10-03,121.19999694824219,121.53333282470703,118.73332977294922,120.13333129882812,107.79610443115234,4278367
2022-10-04,120.96666717529297,123.16666412353516,120.73332977294922,122.5999984741211,110.00945281982422,1376289
2022-10-06,124.66666412353516,126.19999694824219,123.0,124.66666412353516,111.86388397216797,1966723
2022-10-07,123.66666412353516,126.4000015258789,123.66666412353516,125.36666870117188,112.49200439453125,2265031
2022-10-10,125.36666870117188,127.0999984741211,124.36666870117188,126.33333587646484,113.35939025878906,1506159
2022-10-11,125.66666412353516,126.0999984741211,123.06666564941406,124.83333587646484,112.01343536376953,2554567
2022-10-12,124.0,126.83333587646484,124.0,125.4000015258789,112.52191162109375,2180961
2022-10-13,124.19999694824219,126.66666412353516,124.19999694824219,126.03333282470703,113.09019470214844,1638577
2022-10-14,126.66666412353516,127.33333587646484,123.33333587646484,124.23332977294922,111.47504425048828,1991419
2022-10-17,122.46666717529297,125.0,121.19999694824219,123.0,110.36837768554688,2146524
2022-10-18,123.0,126.56666564941406,123.0,126.23332977294922,113.2696533203125,2107782
2022-10-19,125.36666870117188,127.0,124.93333435058594,126.0,113.0602798461914,1645009
2022-10-20,124.4000015258789,130.6666717529297,124.0999984741211,130.10000610351562,116.7392349243164,8025315
2022-10-21,128.8333282470703,129.96665954589844,128.06666564941406,128.86666870117188,115.632568359375,1252558
2022-10-24,129.0,130.06666564941406,128.6666717529297,129.03334045410156,115.78211212158203,163429
2022-10-25,128.03334045410156,128.60000610351562,124.36666870117188,124.9000015258789,112.07324981689453,1693947
2022-10-27,125.13333129882812,126.56666564941406,124.53333282470703,124.83333587646484,112.01343536376953,898932
2022-10-28,124.66666412353516,130.0,124.66666412353516,129.73333740234375,116.41022491455078,3307987
2022-10-31,129.46665954589844,130.43333435058594,127.69999694824219,128.6666717529297,115.4531021118164,1551835
2022-11-01,128.03334045410156,129.46665954589844,127.83333587646484,128.36666870117188,115.18391418457031,880354
2022-11-02,131.8000030517578,131.8000030517578,128.39999389648438,129.8000030517578,116.47003936767578,1899103
2022-11-03,128.8333282470703,130.5,128.8333282470703,130.06666564941406,116.70932006835938,895627
2022-11-04,129.23333740234375,130.93333435058594,129.0,129.1666717529297,115.90176391601562,1094793
2022-11-07,130.0,130.6666717529297,129.60000610351562,130.39999389648438,117.0084228515625,653775
2022-11-09,130.39999389648438,131.06666564941406,129.73333740234375,130.6999969482422,117.27761840820312,1417945
2022-11-10,130.0,132.39999389648438,130.0,130.53334045410156,117.1280746459961,2178654
2022-11-11,132.63333129882812,133.63333129882812,130.8333282470703,131.73333740234375,118.204833984375,1666569
2022-11-14,131.76666259765625,133.96665954589844,131.3333282470703,133.73333740234375,119.99944305419922,1868890
2022-11-15,132.53334045410156,135.36666870117188,132.53334045410156,135.0,121.13603210449219,1484497
2022-11-16,134.96665954589844,137.23333740234375,134.76666259765625,136.56666564941406,122.54180145263672,1780492
2022-11-17,135.93333435058594,136.60000610351562,134.36666870117188,134.93333435058594,121.07621002197266,1493133
2022-11-18,134.8000030517578,136.60000610351562,134.8000030517578,136.1999969482422,122.21278381347656,1331164
2022-11-21,134.63333129882812,134.63333129882812,131.1666717529297,133.03334045410156,122.05987548828125,1452409
2022-11-22,131.56666564941406,132.60000610351562,129.8000030517578,130.46665954589844,119.70491790771484,1077591
2022-11-23,129.46665954589844,132.13333129882812,129.46665954589844,130.5,119.7354965209961,799099
2022-11-24,129.46665954589844,131.89999389648438,129.46665954589844,131.43333435058594,120.59185791015625,1331491
2022-11-25,131.43333435058594,134.0,131.43333435058594,133.26666259765625,122.27394104003906,962673
2022-11-28,132.0,136.3333282470703,132.0,135.1666717529297,124.0172348022461,1547095
2022-11-29,134.8000030517578,136.3333282470703,134.6666717529297,135.96665954589844,124.7512435913086,1308276
2022-11-30,136.0,141.3333282470703,135.8333282470703,136.43333435058594,125.17940521240234,3338574
2022-12-01,138.06666564941406,139.26666259765625,136.96665954589844,138.1666717529297,126.769775390625,1131279
2022-12-02,140.6999969482422,142.63333129882812,138.1666717529297,138.60000610351562,127.1673583984375,2598600
2022-12-05,139.3333282470703,141.6666717529297,138.46665954589844,141.3333282470703,129.67523193359375,1381983
2022-12-06,140.60000610351562,142.13333129882812,139.46665954589844,140.53334045410156,128.94122314453125,1610337
2022-12-07,139.3333282470703,140.53334045410156,138.43333435058594,139.6999969482422,128.1766357421875,1314805
2022-12-08,139.03334045410156,142.0,138.6666717529297,139.3000030517578,127.80962371826172,778605
2022-12-09,139.3333282470703,139.86666870117188,135.63333129882812,136.43333435058594,125.17940521240234,1620817
2022-12-12,136.43333435058594,136.6666717529297,133.8000030517578,135.8333282470703,124.62890625,1374204
2022-12-13,136.6666717529297,139.6666717529297,136.39999389648438,138.63333129882812,127.19793701171875,1417140
2022-12-14,138.63333129882812,143.93333435058594,138.43333435058594,142.60000610351562,130.83741760253906,3042058
2022-12-15,143.86666870117188,145.73333740234375,141.6999969482422,142.0,130.28689575195312,1716111
2022-12-16,143.3333282470703,145.3333282470703,142.3333282470703,143.03334045410156,131.23501586914062,2677255
2022-12-19,143.13333129882812,143.39999389648438,140.3000030517578,141.1666717529297,129.52232360839844,882907
2022-12-20,141.26666259765625,141.89999389648438,138.8000030517578,140.06666564941406,128.51304626464844,840934
2022-12-21,140.0,140.6999969482422,136.03334045410156,136.60000610351562,125.33235168457031,829764
2022-12-22,136.6666717529297,138.10000610351562,131.63333129882812,135.36666870117188,124.20073699951172,1736832
2022-12-23,132.76666259765625,134.46665954589844,131.0,132.53334045410156,121.60111999511719,1504185
2022-12-26,132.53334045410156,135.1666717529297,131.89999389648438,134.6999969482422,123.58905029296875,651661
2022-12-27,135.39999389648438,140.60000610351562,135.39999389648438,139.93333435058594,128.39071655273438,1255342
2022-12-28,140.0,140.96665954589844,138.96665954589844,139.76666259765625,128.23777770996094,484152
2022-12-29,138.53334045410156,140.23333740234375,137.46665954589844,138.23333740234375,126.83092498779297,642325
2022-12-30,138.36666870117188,139.8000030517578,138.36666870117188,138.8000030517578,127.35088348388672,522600
2023-01-02,139.5,144.0,139.36666870117188,143.1999969482422,131.38790893554688,2210223
2023-01-03,142.5,143.03334045410156,140.39999389648438,140.86666870117188,129.2470703125,1024392
2023-01-04,139.3333282470703,140.8000030517578,137.86666870117188,138.60000610351562,127.1673583984375,1061212
2023-01-05,137.86666870117188,140.96665954589844,137.0,140.26666259765625,128.69654846191406,1129098
2023-01-06,140.3000030517578,141.0,138.6999969482422,139.1999969482422,127.71785736083984,655567
2023-01-09,139.8333282470703,142.5,139.53334045410156,141.1666717529297,129.52232360839844,1490017
2023-01-10,140.6666717529297,143.13333129882812,140.6666717529297,142.63333129882812,130.8679962158203,1631421
2023-01-11,142.63333129882812,149.93333435058594,142.63333129882812,148.56666564941406,136.31190490722656,4418659
2023-01-12,150.0,152.63333129882812,148.93333435058594,150.06666564941406,137.6881866455078,3463993
2023-01-13,150.8333282470703,151.63333129882812,147.76666259765625,148.89999389648438,136.6177520751953,2013133
2023-01-16,149.8333282470703,151.10000610351562,149.39999389648438,150.13333129882812,137.74935913085938,962628
2023-01-17,150.53334045410156,152.0,148.6666717529297,150.60000610351562,138.1775360107422,1446165
2023-01-18,150.6666717529297,157.3333282470703,150.6666717529297,155.43333435058594,142.6121826171875,3223752
2023-01-19,154.1666717529297,157.1999969482422,153.06666564941406,156.39999389648438,143.4990997314453,1129126
2023-01-20,156.3333282470703,158.3333282470703,154.53334045410156,157.03334045410156,144.0802001953125,1152189
2023-01-23,157.8333282470703,161.3333282470703,156.76666259765625,160.10000610351562,146.89389038085938,1563495
2023-01-24,160.93333435058594,161.53334045410156,158.8333282470703,159.5,146.34339904785156,743680
2023-01-25,159.8333282470703,159.8333282470703,155.8000030517578,157.1999969482422,144.23309326171875,724032
2023-01-27,157.26666259765625,161.8000030517578,150.6666717529297,159.39999389648438,146.25161743164062,1429683
2023-01-30,158.6666717529297,159.3333282470703,154.8333282470703,158.3000030517578,145.24237060546875,887323
2023-01-31,156.6666717529297,158.23333740234375,154.6666717529297,155.3000030517578,142.48983764648438,1130908
2023-02-01,156.60000610351562,156.86666870117188,146.73333740234375,149.86666870117188,137.50466918945312,2390619
2023-02-02,149.86666870117188,151.93333435058594,146.89999389648438,150.23333740234375,137.84109497070312,1741767
2023-02-03,150.0,150.8000030517578,142.6666717529297,144.1999969482422,132.305419921875,2434078
2023-02-06,143.06666564941406,145.0,140.13333129882812,143.53334045410156,131.6937713623047,1767210
2023-02-07,144.26666259765625,150.6666717529297,143.89999389648438,150.0,137.62701416015625,2392863
2023-02-08,150.76666259765625,155.56666564941406,150.73333740234375,154.5,141.75582885742188,2087953
2023-02-09,154.46665954589844,156.23333740234375,151.36666870117188,152.73333740234375,140.1348876953125,1748946
2023-02-10,152.46665954589844,152.46665954589844,148.6666717529297,149.03334045410156,136.74008178710938,1314795
2023-02-13,156.6666717529297,162.0,155.43333435058594,160.6666717529297,147.41383361816406,15081582
2023-02-14,163.3333282470703,175.1999969482422,163.3333282470703,171.86666870117188,157.68997192382812,18175291
2023-02-15,169.3333282470703,169.43333435058594,164.06666564941406,165.26666259765625,151.63438415527344,5764192
2023-02-16,168.3333282470703,175.13333129882812,166.8333282470703,173.60000610351562,159.28033447265625,11499007
2023-02-17,173.8333282470703,176.53334045410156,172.0,173.86666870117188,159.52499389648438,4940938
2023-02-20,175.3333282470703,175.86666870117188,169.93333435058594,172.76666259765625,158.51573181152344,2932914
2023-02-21,172.03334045410156,172.06666564941406,169.23333740234375,169.86666870117188,155.85494995117188,2100211
2023-02-22,163.93333435058594,167.76666259765625,161.6999969482422,165.8000030517578,158.33792114257812,4312150
2023-02-23,164.6666717529297,165.8000030517578,162.6666717529297,163.86666870117188,156.49160766601562,2935912
2023-02-24,165.1999969482422,165.1999969482422,161.36666870117188,162.10000610351562,154.80445861816406,1351438
2023-02-27,161.93333435058594,164.0,158.96665954589844,163.56666564941406,156.20510864257812,2265643
2023-02-28,164.3000030517578,167.1666717529297,161.53334045410156,164.6999969482422,157.2874298095703,2837175
2023-03-01,164.6666717529297,173.3333282470703,164.3000030517578,172.3000030517578,164.54537963867188,4246845
2023-03-02,172.53334045410156,173.0,168.63333129882812,171.6999969482422,163.97239685058594,2219580
2023-03-03,171.6666717529297,172.60000610351562,170.10000610351562,170.96665954589844,163.2720489501953,1141980
2023-03-06,171.56666564941406,176.6666717529297,171.06666564941406,175.06666564941406,167.18751525878906,3437053
2023-03-08,175.0,181.03334045410156,173.56666564941406,177.8333282470703,169.8296661376953,6701406
2023-03-09,177.03334045410156,181.0,175.43333435058594,178.53334045410156,170.49818420410156,3524619
2023-03-10,177.43333435058594,177.60000610351562,172.03334045410156,173.56666564941406,165.7550506591797,2586861
2023-03-13,174.46665954589844,174.46665954589844,168.8333282470703,170.73333740234375,163.0492401123047,1627513
2023-03-14,170.0,171.63333129882812,164.6666717529297,166.43333435058594,158.9427490234375,1938723
2023-03-15,166.76666259765625,173.93333435058594,160.0,172.86666870117188,165.0865478515625,4224588
2023-03-16,171.6999969482422,171.89999389648438,164.6666717529297,166.3333282470703,158.84725952148438,2910838
2023-03-17,167.8000030517578,174.0,165.6999969482422,170.26666259765625,162.60354614257812,2370120
2023-03-20,170.60000610351562,170.60000610351562,166.0,167.10000610351562,159.5794219970703,1106275
2023-03-21,169.10000610351562,169.89999389648438,163.8000030517578,167.43333435058594,159.8977508544922,2466907
2023-03-22,167.63333129882812,168.60000610351562,165.96665954589844,167.13333129882812,159.61123657226562,946569
2023-03-23,167.03334045410156,172.0,165.73333740234375,171.23333740234375,163.5267333984375,1793281
2023-03-24,170.8333282470703,171.73333740234375,164.89999389648438,167.1999969482422,159.67491149902344,1806141
2023-03-27,164.73333740234375,168.0,163.3333282470703,166.60000610351562,159.1019287109375,1405906
2023-03-28,167.60000610351562,173.13333129882812,165.5,171.63333129882812,163.90872192382812,2189626
2023-03-29,170.10000610351562,180.0,166.73333740234375,175.3000030517578,167.41036987304688,5732466
2023-03-31,173.86666870117188,175.3000030517578,166.39999389648438,167.76666259765625,160.21607971191406,3183460
2023-04-03,171.56666564941406,178.53334045410156,171.5,172.96665954589844,165.18203735351562,7678803
2023-04-05,176.6666717529297,177.1666717529297,174.06666564941406,174.56666564941406,166.7100372314453,2100414
2023-04-06,174.06666564941406,174.26666259765625,169.36666870117188,169.8000030517578,162.15789794921875,2297146
2023-04-10,170.96665954589844,173.03334045410156,167.6999969482422,171.96665954589844,164.22705078125,1769664
2023-04-11,172.6666717529297,173.8333282470703,169.6999969482422,170.13333129882812,162.47622680664062,1655947
2023-04-12,171.3333282470703,175.26666259765625,170.06666564941406,174.36666870117188,166.51902770996094,2404462
2023-04-13,175.26666259765625,178.0,172.56666564941406,173.6666717529297,165.8505401611328,2335617
2023-04-17,174.6999969482422,179.13333129882812,173.5,175.23333740234375,167.34669494628906,3070872
2023-04-18,175.8333282470703,180.0,173.60000610351562,176.53334045410156,168.58819580078125,4128645
2023-04-19,174.53334045410156,178.53334045410156,172.06666564941406,172.8000030517578,165.02288818359375,3615547
2023-04-20,173.8333282470703,173.8333282470703,168.36666870117188,168.96665954589844,161.362060546875,2487705
2023-04-21,169.53334045410156,171.76666259765625,166.93333435058594,171.10000610351562,163.39939880371094,1715884
2023-04-24,170.6666717529297,171.46665954589844,169.0,169.53334045410156,161.90322875976562,1145637
2023-04-25,170.13333129882812,172.63333129882812,167.60000610351562,169.06666564941406,161.4575653076172,2641678
2023-04-26,169.06666564941406,173.3333282470703,169.03334045410156,172.93333435058594,165.1502227783203,1928773
2023-04-27,172.60000610351562,172.60000610351562,170.36666870117188,171.23333740234375,163.5267333984375,1881330
2023-04-28,172.0,173.06666564941406,169.63333129882812,169.89999389648438,162.25340270996094,1670571
2023-05-02,171.26666259765625,172.73333740234375,169.8333282470703,172.0,164.25888061523438,2028199
2023-05-03,170.6666717529297,173.96665954589844,170.23333740234375,171.36666870117188,163.65406799316406,2067298
2023-05-04,170.6666717529297,173.93333435058594,170.39999389648438,172.10000610351562,164.35438537597656,2355211
2023-05-05,172.93333435058594,173.03334045410156,168.36666870117188,168.6999969482422,161.10740661621094,1456104
2023-05-08,169.39999389648438,173.76666259765625,169.39999389648438,172.1999969482422,164.44989013671875,2274931
2023-05-09,172.1999969482422,173.06666564941406,168.96665954589844,169.36666870117188,161.7440643310547,2049657
2023-05-10,169.46665954589844,173.6666717529297,169.39999389648438,172.86666870117188,165.0865478515625,2148622
2023-05-11,171.93333435058594,173.26666259765625,170.03334045410156,172.56666564941406,164.80003356933594,2454022
2023-05-12,172.1999969482422,172.93333435058594,170.1999969482422,170.6999969482422,163.0173797607422,1373286
2023-05-15,170.13333129882812,173.6666717529297,170.0,172.86666870117188,165.0865478515625,1737573
2023-05-16,174.5,177.39999389648438,173.36666870117188,174.03334045410156,166.20069885253906,3861256
2023-05-17,175.1999969482422,178.56666564941406,174.53334045410156,177.10000610351562,169.1293487548828,3854989
2023-05-18,178.6666717529297,182.6666717529297,177.39999389648438,178.6666717529297,170.62551879882812,4474354
2023-05-19,179.63333129882812,182.6999969482422,177.6999969482422,179.26666259765625,171.19850158691406,2265118
2023-05-22,177.46665954589844,178.93333435058594,175.39999389648438,176.23333740234375,168.3016815185547,1409991
2023-05-23,177.3000030517578,180.3333282470703,174.73333740234375,179.63333129882812,171.5486602783203,1267155
2023-05-24,181.23333740234375,182.1666717529297,178.6666717529297,179.76666259765625,171.67601013183594,1663957
2023-05-25,176.0,179.8000030517578,171.46665954589844,173.73333740234375,165.91421508789062,4877917
2023-05-26,173.93333435058594,174.53334045410156,169.26666259765625,173.6666717529297,165.8505401611328,2822604
2023-05-29,174.03334045410156,175.1999969482422,170.86666870117188,171.1666717529297,163.4630584716797,1503904
2023-05-30,171.13333129882812,173.73333740234375,170.73333740234375,171.10000610351562,163.39939880371094,1476058
2023-05-31,171.10000610351562,172.0,169.0,171.5,163.78138732910156,2065108
2023-06-01,170.96665954589844,172.13333129882812,169.3333282470703,169.5,161.87139892578125,1533120
2023-06-02,170.96665954589844,170.96665954589844,166.3000030517578,166.6666717529297,159.1656036376953,2345184
2023-06-05,169.0,170.39999389648438,168.0,169.3000030517578,161.68040466308594,2510214
2023-06-06,170.26666259765625,170.3333282470703,169.06666564941406,169.43333435058594,161.8077392578125,490450
2023-06-07,169.36666870117188,170.0,168.36666870117188,169.3333282470703,161.71221923828125,1433145
2023-06-08,169.63333129882812,170.23333740234375,168.06666564941406,168.56666564941406,160.9800567626953,1367152
2023-06-09,169.89999389648438,171.06666564941406,167.73333740234375,170.63333129882812,162.95372009277344,1456720
2023-06-12,170.6666717529297,171.6666717529297,168.03334045410156,170.39999389648438,162.73089599609375,1641628
2023-06-13,170.39999389648438,171.60000610351562,168.8333282470703,170.13333129882812,162.47622680664062,1969719
2023-06-14,171.3333282470703,171.43333435058594,168.3333282470703,168.73333740234375,161.13925170898438,1588312
2023-06-15,168.86666870117188,169.5,167.8333282470703,168.96665954589844,161.362060546875,2366584
2023-06-16,170.0,171.03334045410156,168.5,169.53334045410156,161.90322875976562,3572182
2023-06-19,169.6666717529297,170.26666259765625,168.3333282470703,169.3000030517578,161.68040466308594,2486767
2023-06-20,169.3000030517578,169.46665954589844,167.5,168.13333129882812,160.56625366210938,1755294
2023-06-21,168.43333435058594,168.96665954589844,166.03334045410156,167.3000030517578,159.77041625976562,2417767
2023-06-22,167.3333282470703,167.89999389648438,164.0,164.96665954589844,157.54209899902344,2255457
2023-06-23,164.6666717529297,164.6666717529297,161.76666259765625,162.5,155.1864471435547,1586193
2023-06-26,162.6666717529297,163.8333282470703,160.53334045410156,161.10000610351562,153.84945678710938,1286494
2023-06-27,161.3333282470703,163.73333740234375,160.73333740234375,163.03334045410156,155.69578552246094,2122485
2023-06-28,163.03334045410156,163.6666717529297,160.73333740234375,161.86666870117188,154.5816192626953,10013140
2023-06-30,162.26666259765625,164.13333129882812,160.86666870117188,163.3000030517578,155.950439453125,6350062
2023-07-03,164.0,165.0,162.39999389648438,163.23333740234375,155.88677978515625,1841499
2023-07-04,164.46665954589844,166.1666717529297,163.06666564941406,164.3000030517578,156.9054412841797,2269753
2023-07-05,164.8333282470703,167.3333282470703,164.1999969482422,166.23333740234375,158.7517547607422,1633798
2023-07-06,166.6666717529297,168.43333435058594,166.1666717529297,166.6666717529297,159.1656036376953,1591366
2023-07-07,167.3333282470703,169.26666259765625,167.0,168.8000030517578,161.20291137695312,1720017
2023-07-10,169.3333282470703,171.3000030517578,168.89999389648438,169.89999389648438,162.25340270996094,1321563
2023-07-11,170.76666259765625,170.76666259765625,168.6666717529297,169.5,161.87139892578125,911100
2023-07-12,170.6666717529297,170.96665954589844,169.43333435058594,170.3000030517578,162.63539123535156,1232242
2023-07-13,171.26666259765625,171.63333129882812,169.1666717529297,170.46665954589844,162.7945556640625,1042426
2023-07-14,172.0,172.0,170.26666259765625,170.6999969482422,163.0173797607422,869271
2023-07-17,170.0,171.03334045410156,169.3333282470703,170.23333740234375,162.5717315673828,915330
2023-07-18,170.36666870117188,172.3333282470703,169.26666259765625,169.86666870117188,162.2215576171875,1434484
2023-07-19,170.0,171.8000030517578,169.13333129882812,170.93333435058594,163.240234375,1438117
2023-07-20,170.86666870117188,171.6666717529297,169.3333282470703,171.23333740234375,163.5267333984375,1461435
2023-07-21,171.3333282470703,172.3333282470703,170.36666870117188,172.03334045410156,164.2907257080078,710776
2023-07-24,172.60000610351562,174.23333740234375,172.03334045410156,172.56666564941406,164.80003356933594,1157893
2023-07-25,174.3000030517578,176.3333282470703,173.39999389648438,174.96665954589844,167.09202575683594,2162113
2023-07-26,176.0,180.6666717529297,175.6999969482422,180.03334045410156,171.9306640625,2258145
2023-07-27,180.3333282470703,184.60000610351562,180.3000030517578,182.26666259765625,174.0634765625,2630997
2023-07-28,182.3000030517578,182.63333129882812,179.43333435058594,181.03334045410156,172.8856658935547,709774
2023-07-31,183.3333282470703,184.3333282470703,181.39999389648438,183.8000030517578,175.52780151367188,1810170
2023-08-01,184.89999389648438,185.1999969482422,182.46665954589844,182.93333435058594,174.7001495361328,847641
2023-08-02,182.6666717529297,184.46665954589844,176.63333129882812,180.39999389648438,172.28082275390625,1376457
2023-08-03,180.6666717529297,182.46665954589844,178.46665954589844,179.5,171.4213409423828,1125973
2023-08-04,181.86666870117188,184.06666564941406,180.56666564941406,182.46665954589844,174.25448608398438,859591
2023-08-07,184.6666717529297,184.73333740234375,180.73333740234375,181.8333282470703,173.64964294433594,836235
2023-08-08,182.13333129882812,183.3333282470703,180.3000030517578,182.43333435058594,174.22264099121094,823818
2023-08-09,180.0,186.26666259765625,174.36666870117188,184.36666870117188,176.0689697265625,3417025
2023-08-10,186.63333129882812,186.63333129882812,183.39999389648438,185.3000030517578,176.96031188964844,1775493
2023-08-11,185.3333282470703,186.43333435058594,185.0,185.53334045410156,177.18313598632812,907659
2023-08-14,186.6666717529297,186.6666717529297,183.39999389648438,186.23333740234375,177.85162353515625,759136
2023-08-16,185.3333282470703,191.3333282470703,182.5,190.56666564941406,181.98992919921875,2222815
2023-08-17,191.3333282470703,194.36666870117188,189.39999389648438,192.36666870117188,183.70892333984375,1803442
2023-08-18,192.36666870117188,193.73333740234375,189.5,192.23333740234375,183.5815887451172,742432
2023-08-21,193.0,195.3333282470703,192.1666717529297,194.0,185.26873779296875,1398939
2023-08-22,195.0,195.53334045410156,193.3333282470703,194.1999969482422,185.45973205566406,767427
2023-08-23,196.3000030517578,197.96665954589844,192.89999389648438,193.96665954589844,185.23690795898438,1523998
2023-08-24,195.73333740234375,196.3000030517578,191.73333740234375,192.93333435058594,184.25009155273438,1119601
2023-08-25,189.3333282470703,191.60000610351562,187.6999969482422,188.46665954589844,183.47128295898438,676780
2023-08-28,186.6666717529297,187.96665954589844,183.6666717529297,183.89999389648438,179.02565002441406,1090765
2023-08-29,184.86666870117188,187.60000610351562,184.0,184.93333435058594,180.03160095214844,1999104
2023-08-30,186.63333129882812,187.03334045410156,183.39999389648438,183.93333435058594,179.05810546875,1489215
2023-08-31,184.1999969482422,185.13333129882812,181.53334045410156,182.06666564941406,177.2409210205078,1295556
2023-09-01,182.06666564941406,189.6999969482422,181.46665954589844,182.03334045410156,177.20848083496094,2971287
2023-09-04,183.86666870117188,188.6666717529297,183.39999389648438,185.3000030517578,180.3885498046875,2226508
2023-09-05,188.6666717529297,192.26666259765625,186.1999969482422,187.06666564941406,182.10838317871094,4767058
2023-09-06,189.89999389648438,191.03334045410156,187.1999969482422,188.36666870117188,183.37393188476562,1636057
2023-09-07,189.3333282470703,190.8000030517578,185.76666259765625,187.86666870117188,182.88719177246094,1190788
2023-09-08,187.89999389648438,189.60000610351562,187.1999969482422,187.56666564941406,182.5951385498047,1745595
2023-09-11,189.3333282470703,193.1999969482422,187.0,187.56666564941406,182.5951385498047,3369088
2023-09-12,189.13333129882812,191.1999969482422,180.3333282470703,181.63333129882812,176.81907653808594,3016404
2023-09-13,183.36666870117188,185.73333740234375,181.1999969482422,182.53334045410156,177.69522094726562,3005830
2023-09-14,183.6999969482422,189.73333740234375,183.6666717529297,185.36666870117188,180.4534454345703,4422439
2023-09-15,190.0,196.43333435058594,188.39999389648438,189.60000610351562,184.5745849609375,8953317
2023-09-18,190.3333282470703,193.63333129882812,188.6666717529297,190.56666564941406,185.515625,3030073
2023-09-20,189.86666870117188,191.86666870117188,186.3333282470703,187.26666259765625,182.30308532714844,2155438
2023-09-21,187.10000610351562,187.56666564941406,183.46665954589844,184.03334045410156,179.1554718017578,1280068
2023-09-22,184.3000030517578,187.13333129882812,182.26666259765625,185.1666717529297,180.25875854492188,1524987
2023-09-25,186.6666717529297,187.96665954589844,184.03334045410156,185.39999389648438,180.4858856201172,1080430
2023-09-26,185.39999389648438,186.60000610351562,184.0,184.10000610351562,179.22036743164062,747538
2023-09-27,184.6666717529297,192.1666717529297,184.39999389648438,191.6666717529297,186.5864715576172,4224558
2023-09-28,192.53334045410156,203.63333129882812,192.5,194.8333282470703,189.66920471191406,14361882
2023-09-29,197.3333282470703,200.0,193.3333282470703,199.23333740234375,193.95257568359375,3370386
2023-10-03,196.6666717529297,196.6666717529297,192.93333435058594,196.03334045410156,190.83738708496094,2954385
2023-10-04,196.3000030517578,197.06666564941406,193.36666870117188,196.0,190.804931640625,2095282
2023-10-05,194.23333740234375,197.3333282470703,193.6666717529297,196.63333129882812,191.42149353027344,2244841
2023-10-06,197.3333282470703,198.06666564941406,193.86666870117188,197.1666717529297,191.94068908691406,1918011
2023-10-09,199.1999969482422,212.26666259765625,198.39999389648438,207.5,202.00013732910156,25670773
2023-10-10,212.0,215.13333129882812,209.3333282470703,212.96665954589844,207.32188415527344,8149666
2023-10-11,214.0,214.6666717529297,206.26666259765625,207.89999389648438,202.3895263671875,4583497
2023-10-12,209.5,214.53334045410156,207.36666870117188,208.56666564941406,203.03851318359375,4421407
2023-10-13,208.93333435058594,212.76666259765625,208.1666717529297,210.13333129882812,204.5636749267578,3634758
2023-10-16,213.1999969482422,216.53334045410156,212.3333282470703,213.23333740234375,207.5814971923828,4631331
2023-10-17,215.3000030517578,223.13333129882812,212.23333740234375,221.06666564941406,215.2071990966797,7538013
2023-10-18,223.3333282470703,226.26666259765625,216.23333740234375,218.89999389648438,213.09796142578125,7666638
2023-10-19,218.6666717529297,219.46665954589844,214.46665954589844,216.06666564941406,210.33973693847656,3740437
2023-10-20,217.56666564941406,221.06666564941406,213.73333740234375,215.03334045410156,209.33380126953125,3091570
2023-10-23,215.03334045410156,215.3333282470703,202.6666717529297,204.93333435058594,199.50149536132812,2639248
2023-10-25,205.86666870117188,209.86666870117188,200.0,200.96665954589844,195.63995361328125,2481484
2023-10-26,200.6666717529297,202.96665954589844,196.36666870117188,200.43333435058594,195.12075805664062,1567176
2023-10-27,201.89999389648438,204.0,200.03334045410156,201.26666259765625,195.93202209472656,1989088
2023-10-30,203.3333282470703,205.6666717529297,202.0,202.53334045410156,197.1651153564453,1349109
2023-10-31,204.60000610351562,204.6666717529297,197.76666259765625,199.23333740234375,193.95257568359375,1246258
2023-11-01,199.3333282470703,205.0,199.23333740234375,201.13333129882812,195.80221557617188,1868115
2023-11-02,203.63333129882812,205.0,198.3000030517578,200.1999969482422,194.89361572265625,1435584
2023-11-03,202.63333129882812,205.53334045410156,200.6666717529297,202.26666259765625,196.90550231933594,2615412
2023-11-06,203.3333282470703,210.46665954589844,202.23333740234375,207.53334045410156,202.03257751464844,5029333
2023-11-07,207.23333740234375,211.73333740234375,206.1999969482422,207.76666259765625,202.2597198486328,2159446
2023-11-08,208.26666259765625,211.6666717529297,206.0,207.06666564941406,201.57827758789062,3072046
2023-11-09,204.3000030517578,205.89999389648438,198.1999969482422,201.53334045410156,196.19161987304688,7395066
2023-11-10,201.46665954589844,204.6666717529297,200.53334045410156,203.8333282470703,198.43064880371094,1380847
2023-11-13,205.3333282470703,210.3000030517578,204.1999969482422,209.5,203.94711303710938,1708930
2023-11-15,213.1999969482422,216.0,208.0,209.10000610351562,203.55772399902344,3416890
2023-11-16,209.10000610351562,215.96665954589844,208.76666259765625,215.1999969482422,209.49603271484375,2867308
2023-11-17,213.3333282470703,216.76666259765625,209.39999389648438,210.1666717529297,204.59613037109375,1811950
2023-11-20,211.93333435058594,218.86666870117188,209.0,209.3333282470703,203.78485107421875,1583164
2023-11-21,211.3000030517578,211.39999389648438,204.76666259765625,205.0,199.56639099121094,1903429
2023-11-22,204.1666717529297,205.5,201.6999969482422,202.43333435058594,199.3366241455078,1663434
2023-11-23,201.96665954589844,202.86666870117188,198.23333740234375,199.5,196.4481658935547,2713360
2023-11-24,199.5,201.39999389648438,196.8333282470703,199.26666259765625,196.21839904785156,2217570
2023-11-28,200.60000610351562,202.56666564941406,195.46665954589844,199.3000030517578,196.25123596191406,2854552
2023-11-29,199.3333282470703,207.96665954589844,198.5,207.06666564941406,203.89907836914062,3396190
2023-11-30,208.0,208.93333435058594,199.26666259765625,203.46665954589844,200.35414123535156,14412928
2023-12-01,205.3333282470703,209.6666717529297,203.6666717529297,206.60000610351562,203.43955993652344,3288360
2023-12-04,210.3333282470703,223.6666717529297,205.73333740234375,218.8000030517578,215.4529266357422,19889518
2023-12-05,221.46665954589844,223.1999969482422,215.06666564941406,216.23333740234375,212.92552185058594,7577452
2023-12-06,217.39999389648438,220.5,212.03334045410156,213.26666259765625,210.00424194335938,5642547
2023-12-07,214.6666717529297,216.0,209.8000030517578,211.03334045410156,207.80506896972656,4246489
2023-12-08,212.46665954589844,216.53334045410156,210.60000610351562,213.26666259765625,210.00424194335938,3340618
2023-12-11,214.6666717529297,215.86666870117188,211.03334045410156,212.5,209.24929809570312,1707288
2023-12-12,213.1666717529297,214.0,207.93333435058594,208.46665954589844,205.2776641845703,2457795
2023-12-13,208.0,210.63333129882812,205.8000030517578,206.76666259765625,203.60366821289062,2434053
2023-12-14,209.5,218.63333129882812,208.23333740234375,216.26666259765625,212.95834350585938,9553702
2023-12-15,216.6999969482422,220.3333282470703,213.1666717529297,215.56666564941406,212.26905822753906,4209348
2023-12-18,215.3000030517578,218.6666717529297,213.13333129882812,214.6666717529297,211.38282775878906,2298172
2023-12-19,219.3333282470703,231.39999389648438,217.3333282470703,227.60000610351562,224.11831665039062,12797466
2023-12-20,233.3333282470703,270.9333190917969,229.8333282470703,240.39999389648438,236.7224884033203,62163130
2023-12-21,242.0,259.73333740234375,242.0,250.89999389648438,247.06187438964844,37548838
2023-12-22,255.6666717529297,255.93333435058594,243.39999389648438,248.8333282470703,245.02682495117188,10705210
2023-12-26,251.26666259765625,262.6000061035156,246.43333435058594,254.46665954589844,250.573974609375,12721008
2023-12-27,257.3999938964844,260.6666564941406,252.0,254.86666870117188,250.96786499023438,7485570
2023-12-28,256.3333435058594,259.3666687011719,249.53334045410156,255.13333129882812,251.23045349121094,8024391
2023-12-29,255.3333282470703,255.39999389648438,246.6666717529297,248.10000610351562,244.30471801757812,6729648
2024-01-01,249.0,255.06666564941406,247.56666564941406,252.5,248.6374053955078,3661495
2024-01-02,250.6666717529297,259.3333435058594,249.5,255.53334045410156,251.6243438720703,6698119
2024-01-03,255.73333740234375,261.23333740234375,251.53334045410156,257.1333312988281,253.19985961914062,4706931
2024-01-04,259.6000061035156,259.6000061035156,254.3333282470703,255.1666717529297,251.26327514648438,2828086
2024-01-05,256.6000061035156,257.70001220703125,251.1666717529297,253.60000610351562,249.7205810546875,3208987
2024-01-08,253.3000030517578,254.63333129882812,248.53334045410156,249.43333435058594,245.61764526367188,2865747
2024-01-09,252.0,254.3000030517578,249.0,249.43333435058594,245.61764526367188,2710638
2024-01-10,250.6666717529297,250.6666717529297,242.1999969482422,243.1999969482422,239.4796600341797,4362405
2024-01-11,244.6666717529297,250.43333435058594,241.60000610351562,249.1666717529297,245.35507202148438,7377631
2024-01-12,248.13333129882812,251.10000610351562,246.1666717529297,250.0,246.17564392089844,7441359
2024-01-15,252.0,265.4666748046875,251.60000610351562,264.3333435058594,260.28973388671875,12887074
2024-01-16,267.29998779296875,268.5333251953125,257.0666809082031,259.5666809082031,255.59597778320312,7527022
2024-01-17,256.6666564941406,256.6666564941406,252.6666717529297,254.23333740234375,250.34422302246094,3668559
2024-01-18,252.26666259765625,271.20001220703125,251.0,263.6333312988281,259.6004333496094,13669572
2024-01-19,267.1666564941406,279.8666687011719,265.3666687011719,274.8666687011719,270.66192626953125,14235444
2024-01-23,281.3666687011719,281.4666748046875,261.3333435058594,264.1666564941406,260.1255798339844,6585585
2024-01-24,265.6000061035156,271.0,262.3333435058594,267.79998779296875,263.7033386230469,3091435
2024-01-25,270.6666564941406,271.3666687011719,266.73333740234375,268.73333740234375,264.6224060058594,1546594
2024-01-29,272.0,280.6666564941406,269.5333251953125,275.73333740234375,271.51531982421875,5919964
2024-01-30,278.79998779296875,295.5666809082031,277.6333312988281,286.0666809082031,281.69061279296875,14435830
2024-01-31,289.23333740234375,289.23333740234375,279.0333251953125,284.3333435058594,279.9837646484375,5269129
2024-02-01,285.26666259765625,292.6666564941406,282.0333251953125,290.8999938964844,286.4499816894531,4610217
2024-02-02,291.3333435058594,299.8666687011719,288.76666259765625,297.9333190917969,293.3757019042969,9224964
2024-02-05,297.6333312988281,309.4666748046875,293.3666687011719,306.3333435058594,301.6472473144531,9466552
2024-02-06,308.0,344.26666259765625,297.3333435058594,320.6666564941406,315.76129150390625,25406701
2024-02-07,323.20001220703125,331.1333312988281,315.3333435058594,325.0666809082031,320.093994140625,9954616
2024-02-08,326.3999938964844,346.6666564941406,322.5,342.1000061035156,336.86676025390625,14212656
2024-02-09,345.3666687011719,349.6000061035156,334.70001220703125,344.1000061035156,338.8361511230469,9378834
2024-02-12,346.5333251953125,346.5333251953125,304.3333435058594,312.6000061035156,307.8180236816406,8691124
2024-02-13,312.6666564941406,317.5666809082031,295.70001220703125,313.23333740234375,308.4416809082031,8704672
2024-02-14,313.3333435058594,336.5666809082031,305.73333740234375,332.5,327.4136047363281,16876045
2024-02-15,337.8999938964844,383.6000061035156,335.3333435058594,375.4333190917969,369.6901550292969,42022867
2024-02-16,378.5666809082031,411.3333435058594,370.6666564941406,382.4333190917969,376.58306884765625,29453875
2024-02-19,384.0,406.6666564941406,382.79998779296875,396.1333312988281,390.0735168457031,14973933
2024-02-20,397.8999938964844,420.0,382.6666564941406,403.1333312988281,396.9664306640625,19496004
2024-02-21,405.9333190917969,416.0,385.4666748046875,390.1333312988281,384.1653137207031,13007422
2024-02-22,394.6666564941406,406.4666748046875,381.8999938964844,399.0,392.8963317871094,14215017
2024-02-23,402.6666564941406,402.8666687011719,391.3333435058594,394.3999938964844,388.36669921875,6027859
2024-02-26,391.5666809082031,395.9666748046875,375.5333251953125,380.0,374.1869812011719,6269761
2024-02-27,382.6333312988281,389.20001220703125,375.0666809082031,382.8666687011719,377.0097961425781,9126498
2024-02-28,386.4666748046875,390.6666564941406,374.1333312988281,378.1000061035156,372.3160400390625,6455437
2024-02-29,380.6666564941406,380.79998779296875,362.6666564941406,364.3666687011719,358.7928161621094,7681069
2024-03-01,369.5666809082031,395.9333190917969,368.6000061035156,392.76666259765625,386.75836181640625,16145448
2024-03-04,396.0,426.1333312988281,395.9333190917969,416.6000061035156,410.22711181640625,24780336
2024-03-05,419.26666259765625,425.79998779296875,412.0,421.0,414.5597839355469,9599257
2024-03-06,422.6666564941406,431.3333435058594,412.0,422.5666809082031,416.1025085449219,9751120
2024-03-07,424.0,429.0333251953125,418.23333740234375,420.0666809082031,413.6407470703125,6128920
2024-03-11,421.9333190917969,428.6666564941406,407.0,410.23333740234375,403.95782470703125,7452646
2024-03-12,414.3333435058594,418.1666564941406,402.0,408.4666748046875,402.21820068359375,7114618
2024-03-13,412.4333190917969,412.8999938964844,375.4333190917969,382.5333251953125,376.6815490722656,8455125
2024-03-14,382.5333251953125,393.6666564941406,374.6666564941406,382.1000061035156,376.2548522949219,6103764
2024-03-15,386.3333435058594,392.4666748046875,342.0,370.4333190917969,364.76666259765625,25914057
2024-03-18,365.6666564941406,369.3666687011719,356.20001220703125,363.4666748046875,363.4666748046875,4199797
2024-03-19,363.3333435058594,372.76666259765625,355.5666809082031,363.79998779296875,363.79998779296875,8245039
2024-03-20,370.0,380.0,363.20001220703125,376.79998779296875,376.79998779296875,5345346
2024-03-21,379.29998779296875,397.73333740234375,379.0,393.9666748046875,393.9666748046875,5951128
2024-03-22,394.76666259765625,397.29998779296875,385.8333435058594,387.8333435058594,387.8333435058594,4846110
2024-03-26,389.6000061035156,410.4666748046875,385.8333435058594,407.6333312988281,407.6333312988281,8318839
2024-03-27,407.9666748046875,419.8666687011719,394.70001220703125,399.20001220703125,399.20001220703125,8831590
2024-03-28,402.6333312988281,407.3333435058594,394.79998779296875,400.1666564941406,400.1666564941406,5168940
2024-04-01,404.20001220703125,405.6666564941406,388.3333435058594,394.0,394.0,6410716
2024-04-02,396.6666564941406,423.3333435058594,393.4333190917969,420.0666809082031,420.0666809082031,10512811
2024-04-03,420.0666809082031,446.3333435058594,416.73333740234375,423.76666259765625,423.76666259765625,20134173
2024-04-04,426.0,427.73333740234375,408.8999938964844,414.5,414.5,8523888
2024-04-05,416.5666809082031,432.3999938964844,414.79998779296875,418.9333190917969,418.9333190917969,7769421
2024-04-08,423.0,429.3333435058594,412.3333435058594,416.3999938964844,416.3999938964844,6084534
2024-04-09,418.73333740234375,424.1000061035156,412.3999938964844,419.8333435058594,419.8333435058594,3361321
2024-04-10,421.20001220703125,432.0,417.6666564941406,421.26666259765625,421.26666259765625,11620357
2024-04-12,421.3333435058594,425.1666564941406,405.20001220703125,407.3666687011719,407.3666687011719,10294717
2024-04-15,407.3666687011719,424.29998779296875,397.0,414.5666809082031,414.5666809082031,13902802
2024-04-16,409.9333190917969,423.26666259765625,407.3999938964844,415.29998779296875,415.29998779296875,7082797
2024-04-18,415.3333435058594,419.9333190917969,400.0333251953125,402.1000061035156,402.1000061035156,7090167
2024-04-19,402.6666564941406,411.26666259765625,397.3666687011719,399.8999938964844,399.8999938964844,6219927
2024-04-22,404.0,411.0,396.6666564941406,397.8666687011719,397.8666687011719,3729898
2024-04-23,400.6666564941406,401.70001220703125,392.4333190917969,393.8333435058594,393.8333435058594,3422259
2024-04-24,396.0,409.20001220703125,392.6666564941406,405.5666809082031,405.5666809082031,4776244
2024-04-25,402.6666564941406,413.6666564941406,401.3666687011719,408.3333435058594,408.3333435058594,5229909
2024-04-26,412.8333435058594,424.6000061035156,410.79998779296875,418.8999938964844,418.8999938964844,9480820
2024-04-29,422.9333190917969,423.0333251953125,411.6666564941406,414.0333251953125,414.0333251953125,4442791
2024-04-30,416.1333312988281,425.8666687011719,412.0333251953125,413.4333190917969,413.4333190917969,6118725
2024-05-02,416.1333312988281,421.3333435058594,403.3333435058594,420.29998779296875,420.29998779296875,7053796
2024-05-03,422.4666748046875,428.6666564941406,413.8999938964844,420.4333190917969,420.4333190917969,6418309
2024-05-06,424.6000061035156,434.6666564941406,411.23333740234375,422.29998779296875,422.29998779296875,6290506
2024-05-07,422.6666564941406,432.6666564941406,418.8666687011719,424.4333190917969,424.4333190917969,9392655
2024-05-08,425.26666259765625,432.0,417.1666564941406,427.1000061035156,427.1000061035156,5102517
2024-05-09,428.29998779296875,428.6333312988281,404.6666564941406,411.5666809082031,411.5666809082031,7175680
2024-05-10,414.3333435058594,415.26666259765625,398.4333190917969,412.73333740234375,412.73333740234375,4647796
2024-05-13,411.3333435058594,412.29998779296875,392.70001220703125,402.8666687011719,402.8666687011719,4387174
2024-05-14,406.6666564941406,418.0,404.5666809082031,413.0666809082031,413.0666809082031,3913023
2024-05-15,415.0,425.20001220703125,411.6333312988281,422.0666809082031,422.0666809082031,6298636
2024-05-16,426.0,442.0,420.9333190917969,425.23333740234375,425.23333740234375,12155736
2024-05-17,428.6666564941406,428.6666564941406,422.6666564941406,426.23333740234375,426.23333740234375,3965793
2024-05-21,437.3333435058594,447.3999938964844,427.0333251953125,442.6666564941406,442.6666564941406,11319223
2024-05-22,449.26666259765625,449.29998779296875,433.6666564941406,437.6333312988281,437.6333312988281,6830181
2024-05-23,438.6333312988281,441.20001220703125,431.4666748046875,435.70001220703125,435.70001220703125,4007671
2024-05-24,435.20001220703125,446.6666564941406,433.4666748046875,441.26666259765625,441.26666259765625,4045638
2024-05-27,442.8666687011719,450.0,437.3333435058594,445.5333251953125,445.5333251953125,4634193
2024-05-28,448.70001220703125,449.0666809082031,430.0666809082031,435.1666564941406,435.1666564941406,3611617
2024-05-29,435.1333312988281,437.3333435058594,422.70001220703125,424.73333740234375,424.73333740234375,3164139
2024-05-30,426.8666687011719,429.20001220703125,417.1000061035156,419.3999938964844,419.3999938964844,2897983
2024-05-31,420.0666809082031,425.8666687011719,412.0666809082031,423.79998779296875,423.79998779296875,2879497
2024-06-03,459.8999938964844,459.8999938964844,431.76666259765625,446.23333740234375,446.23333740234375,7389685
2024-06-04,445.9666748046875,445.9666748046875,363.3333435058594,396.3333435058594,396.3333435058594,10078398
2024-06-05,404.0,410.0666809082031,370.29998779296875,387.0,387.0,11640388
2024-06-06,394.0,410.5333251953125,390.8666687011719,406.9333190917969,406.9333190917969,6616500
2024-06-07,410.5333251953125,412.79998779296875,404.1333312988281,410.1000061035156,410.1000061035156,2529961
2024-06-10,413.1666564941406,417.1333312988281,403.3333435058594,404.8333435058594,404.8333435058594,3045891
2024-06-11,406.0,439.0333251953125,405.70001220703125,432.3666687011719,432.3666687011719,8462167
2024-06-12,435.8999938964844,449.20001220703125,430.0,441.5,441.5,5562666
2024-06-13,442.5666809082031,457.5333251953125,435.6666564941406,451.8999938964844,451.8999938964844,9977940
2024-06-14,446.6666564941406,472.6666564941406,446.6666564941406,466.29998779296875,466.29998779296875,10426965
2024-06-18,468.6000061035156,468.76666259765625,456.0,460.6333312988281,460.6333312988281,5828025
2024-06-19,461.8999938964844,468.0,448.1000061035156,464.26666259765625,464.26666259765625,8451043
2024-06-20,464.26666259765625,468.0,454.9333190917969,456.70001220703125,456.70001220703125,4012047
2024-06-21,460.20001220703125,469.6666564941406,456.73333740234375,466.5333251953125,466.5333251953125,8081263
2024-06-24,469.9666748046875,474.6333312988281,462.0333251953125,466.0333251953125,466.0333251953125,5028388
2024-06-25,468.20001220703125,474.1666564941406,461.0666809082031,466.1666564941406,466.1666564941406,4559235
2024-06-26,466.3333435058594,471.6666564941406,462.4666748046875,467.26666259765625,467.26666259765625,3063030
2024-06-27,471.8666687011719,474.6666564941406,464.6666564941406,470.1666564941406,470.1666564941406,4854513
2024-06-28,474.6666564941406,495.73333740234375,473.3333435058594,482.0333251953125,482.0333251953125,9549547
2024-07-01,488.9666748046875,489.3333435058594,470.0333251953125,475.8999938964844,475.8999938964844,5275065
2024-07-02,481.0,512.0,480.1499938964844,485.3500061035156,485.3500061035156,12658263
2024-07-03,491.3999938964844,499.0,479.3500061035156,495.29998779296875,495.29998779296875,3237838
2024-07-04,499.0,506.0,489.3500061035156,492.3500061035156,492.3500061035156,2722700
2024-07-05,494.8999938964844,495.0,487.20001220703125,489.5,489.5,2132461
2024-07-08,492.8999938964844,517.9500122070312,490.04998779296875,500.04998779296875,500.04998779296875,5373870
2024-07-09,507.95001220703125,515.5,504.8500061035156,509.1499938964844,509.1499938964844,2355473
2024-07-10,512.7999877929688,515.0,494.04998779296875,512.8499755859375,512.8499755859375,2515806
2024-07-11,514.7000122070312,583.4500122070312,513.5,551.0,551.0,10303383
2024-07-12,572.0,653.0,562.0,614.4500122070312,614.4500122070312,28989089
2024-07-15,598.0,644.5,592.0999755859375,638.7000122070312,638.7000122070312,15786984
2024-07-16,640.0,640.0,615.0,618.5,618.5,11050736
2024-07-18,622.0,624.7000122070312,580.0,584.9000244140625,584.9000244140625,12569307
2024-07-19,580.0,580.0,556.6500244140625,571.0999755859375,571.0999755859375,9200372
2024-07-22,562.0,565.2000122070312,546.0499877929688,555.25,555.25,8938610
2024-07-23,563.0999755859375,575.7999877929688,512.0,548.3499755859375,548.3499755859375,14343791
2024-07-24,549.7999877929688,560.7999877929688,541.4000244140625,543.5,543.5,5933103
2024-07-25,542.0,594.5,538.4000244140625,566.9000244140625,566.9000244140625,21807623
2024-07-26,575.0,576.9000244140625,557.4500122070312,560.6500244140625,560.6500244140625,6875211
2024-07-29,565.7000122070312,592.9000244140625,556.7000122070312,580.4000244140625,580.4000244140625,9295179
2024-07-30,582.3499755859375,605.5,575.4500122070312,583.0499877929688,583.0499877929688,9656804
